date,cash,total_value,market_value,unit_net_value,units,static_unit_net_value
2017-06-01,100000.0,100000.0,0.0,1.0,100000.0,1.0
2017-06-02,100000.0,100000.0,0.0,1.0,100000.0,1.0
2017-06-05,100000.0,100000.0,0.0,1.0,100000.0,1.0
2017-06-06,100000.0,100000.0,0.0,1.0,100000.0,1.0
2017-06-07,100000.0,100000.0,0.0,1.0,100000.0,1.0
2017-06-08,100000.0,100000.0,0.0,1.0,100000.0,1.0
2017-06-09,100000.0,100000.0,0.0,1.0,100000.0,1.0
2017-06-12,100000.0,100000.0,0.0,1.0,100000.0,1.0
2017-06-13,100000.0,100000.0,0.0,1.0,100000.0,1.0
2017-06-14,100000.0,100000.0,0.0,1.0,100000.0,1.0
2017-06-15,100000.0,100000.0,0.0,1.0,100000.0,1.0
2017-06-16,100000.0,100000.0,0.0,1.0,100000.0,1.0
2017-06-19,100000.0,100000.0,0.0,1.0,100000.0,1.0
2017-06-20,100000.0,100000.0,0.0,1.0,100000.0,1.0
2017-06-21,185.212,99920.212,99735.0,0.999202,100000.0,1.0
2017-06-22,185.212,101010.212,100825.0,1.010102,100000.0,0.9992
2017-06-23,185.212,101010.212,100825.0,1.010102,100000.0,1.0101
2017-06-26,185.212,101555.212,101370.0,1.015552,100000.0,1.0101
2017-06-27,185.212,102209.212,102024.0,1.022092,100000.0,1.0156
2017-06-28,185.212,102972.212,102787.0,1.029722,100000.0,1.0221
2017-06-29,185.212,102972.212,102787.0,1.029722,100000.0,1.0297
2017-06-30,185.212,102536.212,102351.0,1.025362,100000.0,1.0297
2017-07-03,185.212,102645.212,102460.0,1.026452,100000.0,1.0254
2017-07-04,185.212,101991.212,101806.0,1.019912,100000.0,1.0265
2017-07-05,185.212,102318.212,102133.0,1.023182,100000.0,1.0199
2017-07-06,185.212,102645.212,102460.0,1.026452,100000.0,1.0232
2017-07-07,185.212,103408.212,103223.0,1.034082,100000.0,1.0265
2017-07-10,185.212,104716.212,104531.0,1.047162,100000.0,1.0341
2017-07-11,185.212,111910.212,111725.0,1.119102,100000.0,1.0472
2017-07-12,185.212,112891.212,112706.0,1.128912,100000.0,1.1191
2017-07-13,185.212,118995.212,118810.0,1.189952,100000.0,1.1289
2017-07-14,185.212,118995.212,118810.0,1.189952,100000.0,1.19
2017-07-17,185.212,118014.212,117829.0,1.180142,100000.0,1.19
2017-07-18,185.212,120630.212,120445.0,1.206302,100000.0,1.1801
2017-07-19,185.212,121066.212,120881.0,1.210662,100000.0,1.2063
2017-07-20,185.212,119758.212,119573.0,1.197582,100000.0,1.2107
2017-07-21,1907.412,120608.412,118701.0,1.206084,100000.0,1.1976
2017-07-24,1907.412,121262.412,119355.0,1.212624,100000.0,1.2061
2017-07-25,1907.412,121807.412,119900.0,1.218074,100000.0,1.2126
2017-07-26,1907.412,118973.412,117066.0,1.189734,100000.0,1.2181
2017-07-27,1907.412,117338.412,115431.0,1.173384,100000.0,1.1897
2017-07-28,118762.6932,118762.6932,0.0,1.187627,100000.0,1.1734
2017-07-31,118762.6932,118762.6932,0.0,1.187627,100000.0,1.1876
2017-08-01,118762.6932,118762.6932,0.0,1.187627,100000.0,1.1876
2017-08-02,478.1412,118668.1412,118190.0,1.186681,100000.0,1.1876
2017-08-03,478.1412,117184.1412,116706.0,1.171841,100000.0,1.1867
2017-08-04,478.1412,118880.1412,118402.0,1.188801,100000.0,1.1718
2017-08-07,478.1412,117078.1412,116600.0,1.170781,100000.0,1.1888
2017-08-08,478.1412,117608.1412,117130.0,1.176081,100000.0,1.1708
2017-08-09,478.1412,114216.1412,113738.0,1.142161,100000.0,1.1761
2017-08-10,478.1412,113050.1412,112572.0,1.130501,100000.0,1.1422
2017-08-11,478.1412,106690.1412,106212.0,1.066901,100000.0,1.1305
2017-08-14,478.1412,108810.1412,108332.0,1.088101,100000.0,1.0669
2017-08-15,478.1412,109764.1412,109286.0,1.097641,100000.0,1.0881
2017-08-16,478.1412,110082.1412,109604.0,1.100821,100000.0,1.0976
2017-08-17,478.1412,110930.1412,110452.0,1.109301,100000.0,1.1008
2017-08-18,478.1412,111142.1412,110664.0,1.111421,100000.0,1.1093
2017-08-21,478.1412,111354.1412,110876.0,1.113541,100000.0,1.1114
2017-08-22,478.1412,113368.1412,112890.0,1.133681,100000.0,1.1135
2017-08-23,478.1412,116018.1412,115540.0,1.160181,100000.0,1.1337
2017-08-24,478.1412,116336.1412,115858.0,1.163361,100000.0,1.1602
2017-08-25,478.1412,118244.1412,117766.0,1.182441,100000.0,1.1634
2017-08-28,478.1412,120788.1412,120310.0,1.207881,100000.0,1.1824
2017-08-29,478.1412,124180.1412,123702.0,1.241801,100000.0,1.2079
2017-08-30,478.1412,121636.1412,121158.0,1.216361,100000.0,1.2418
2017-08-31,478.1412,120046.1412,119568.0,1.200461,100000.0,1.2164
2017-09-01,478.1412,119304.1412,118826.0,1.193041,100000.0,1.2005
2017-09-04,478.1412,124710.1412,124232.0,1.247101,100000.0,1.193
2017-09-05,478.1412,123862.1412,123384.0,1.238621,100000.0,1.2471
2017-09-06,478.1412,124498.1412,124020.0,1.244981,100000.0,1.2386
2017-09-07,478.1412,121742.1412,121264.0,1.217421,100000.0,1.245
2017-09-08,478.1412,122272.1412,121794.0,1.222721,100000.0,1.2174
2017-09-11,478.1412,121106.1412,120628.0,1.211061,100000.0,1.2227
2017-09-12,478.1412,122802.1412,122324.0,1.228021,100000.0,1.2111
2017-09-13,478.1412,121636.1412,121158.0,1.216361,100000.0,1.228
2017-09-14,478.1412,120470.1412,119992.0,1.204701,100000.0,1.2164
2017-09-15,478.1412,120152.1412,119674.0,1.201521,100000.0,1.2047
2017-09-18,478.1412,119728.1412,119250.0,1.197281,100000.0,1.2015
2017-09-19,478.1412,118456.1412,117978.0,1.184561,100000.0,1.1973
2017-09-20,478.1412,120152.1412,119674.0,1.201521,100000.0,1.1846
2017-09-21,478.1412,121954.1412,121476.0,1.219541,100000.0,1.2015
2017-09-22,478.1412,121742.1412,121264.0,1.217421,100000.0,1.2195
2017-09-25,478.1412,120152.1412,119674.0,1.201521,100000.0,1.2174
2017-09-26,478.1412,117608.1412,117130.0,1.176081,100000.0,1.2015
2017-09-27,478.1412,116336.1412,115858.0,1.163361,100000.0,1.1761
2017-09-28,478.1412,115806.1412,115328.0,1.158061,100000.0,1.1634
2017-09-29,478.1412,118244.1412,117766.0,1.182441,100000.0,1.1581
2017-10-09,478.1412,120258.1412,119780.0,1.202581,100000.0,1.1824
2017-10-10,478.1412,122060.1412,121582.0,1.220601,100000.0,1.2026
2017-10-11,478.1412,122696.1412,122218.0,1.226961,100000.0,1.2206
2017-10-12,478.1412,122908.1412,122430.0,1.229081,100000.0,1.227
2017-10-13,478.1412,120894.1412,120416.0,1.208941,100000.0,1.2291
2017-10-16,478.1412,123332.1412,122854.0,1.233321,100000.0,1.2089
2017-10-17,478.1412,122484.1412,122006.0,1.224841,100000.0,1.2333
2017-10-18,478.1412,124392.1412,123914.0,1.243921,100000.0,1.2248
2017-10-19,478.1412,123756.1412,123278.0,1.237561,100000.0,1.2439
2017-10-20,478.1412,122166.1412,121688.0,1.221661,100000.0,1.2376
2017-10-23,478.1412,119092.1412,118614.0,1.190921,100000.0,1.2217
2017-10-24,478.1412,121212.1412,120734.0,1.212121,100000.0,1.1909
2017-10-25,478.1412,119940.1412,119462.0,1.199401,100000.0,1.2121
2017-10-26,478.1412,118986.1412,118508.0,1.189861,100000.0,1.1994
2017-10-27,478.1412,123014.1412,122536.0,1.230141,100000.0,1.1899
2017-10-30,478.1412,123014.1412,122536.0,1.230141,100000.0,1.2301
2017-10-31,478.1412,122802.1412,122324.0,1.228021,100000.0,1.2301
2017-11-01,478.1412,121318.1412,120840.0,1.213181,100000.0,1.228
2017-11-02,478.1412,122802.1412,122324.0,1.228021,100000.0,1.2132
2017-11-03,478.1412,121212.1412,120734.0,1.212121,100000.0,1.228
2017-11-06,478.1412,120046.1412,119568.0,1.200461,100000.0,1.2121
2017-11-07,478.1412,126830.1412,126352.0,1.268301,100000.0,1.2005
2017-11-08,478.1412,129056.1412,128578.0,1.290561,100000.0,1.2683
2017-11-09,478.1412,131176.1412,130698.0,1.311761,100000.0,1.2906
2017-11-10,478.1412,130858.1412,130380.0,1.308581,100000.0,1.3118
2017-11-13,478.1412,137218.1412,136740.0,1.372181,100000.0,1.3086
2017-11-14,478.1412,137748.1412,137270.0,1.377481,100000.0,1.3722
2017-11-15,478.1412,137218.1412,136740.0,1.372181,100000.0,1.3775
2017-11-16,478.1412,139338.1412,138860.0,1.393381,100000.0,1.3722
2017-11-17,478.1412,140186.1412,139708.0,1.401861,100000.0,1.3934
2017-11-20,478.1412,151528.1412,151050.0,1.515281,100000.0,1.4019
2017-11-21,478.1412,153648.1412,153170.0,1.536481,100000.0,1.5153
2017-11-22,478.1412,160538.1412,160060.0,1.605381,100000.0,1.5365
2017-11-23,478.1412,152588.1412,152110.0,1.525881,100000.0,1.6054
2017-11-24,478.1412,154814.1412,154336.0,1.548141,100000.0,1.5259
2017-11-27,478.1412,148136.1412,147658.0,1.481361,100000.0,1.5481
2017-11-28,478.1412,145698.1412,145220.0,1.456981,100000.0,1.4814
2017-11-29,478.1412,146970.1412,146492.0,1.469701,100000.0,1.457
2017-11-30,142050.8508,142050.8508,0.0,1.420509,100000.0,1.4697
2017-12-01,142050.8508,142050.8508,0.0,1.420509,100000.0,1.4205
2017-12-04,142050.8508,142050.8508,0.0,1.420509,100000.0,1.4205
2017-12-05,142050.8508,142050.8508,0.0,1.420509,100000.0,1.4205
2017-12-06,142050.8508,142050.8508,0.0,1.420509,100000.0,1.4205
2017-12-07,142050.8508,142050.8508,0.0,1.420509,100000.0,1.4205
2017-12-08,142050.8508,142050.8508,0.0,1.420509,100000.0,1.4205
2017-12-11,142050.8508,142050.8508,0.0,1.420509,100000.0,1.4205
2017-12-12,142050.8508,142050.8508,0.0,1.420509,100000.0,1.4205
2017-12-13,142050.8508,142050.8508,0.0,1.420509,100000.0,1.4205
2017-12-14,142050.8508,142050.8508,0.0,1.420509,100000.0,1.4205
2017-12-15,142050.8508,142050.8508,0.0,1.420509,100000.0,1.4205
2017-12-18,142050.8508,142050.8508,0.0,1.420509,100000.0,1.4205
2017-12-19,142050.8508,142050.8508,0.0,1.420509,100000.0,1.4205
2017-12-20,142050.8508,142050.8508,0.0,1.420509,100000.0,1.4205
2017-12-21,142050.8508,142050.8508,0.0,1.420509,100000.0,1.4205
2017-12-22,142050.8508,142050.8508,0.0,1.420509,100000.0,1.4205
2017-12-25,142050.8508,142050.8508,0.0,1.420509,100000.0,1.4205
2017-12-26,142050.8508,142050.8508,0.0,1.420509,100000.0,1.4205
2017-12-27,1064.1516,141938.1516,140874.0,1.419382,100000.0,1.4205
2017-12-28,1064.1516,141090.1516,140026.0,1.410902,100000.0,1.4194
2017-12-29,1064.1516,142044.1516,140980.0,1.420442,100000.0,1.4109
2018-01-02,1064.1516,146284.1516,145220.0,1.462842,100000.0,1.4204
2018-01-03,1064.1516,142362.1516,141298.0,1.423622,100000.0,1.4628
2018-01-04,1064.1516,141514.1516,140450.0,1.415142,100000.0,1.4236
2018-01-05,1064.1516,142044.1516,140980.0,1.420442,100000.0,1.4151
2018-01-08,1064.1516,138440.1516,137376.0,1.384402,100000.0,1.4204
2018-01-09,1064.1516,139712.1516,138648.0,1.397122,100000.0,1.3844
2018-01-10,1064.1516,143846.1516,142782.0,1.438462,100000.0,1.3971
2018-01-11,1064.1516,143104.1516,142040.0,1.431042,100000.0,1.4385
2018-01-12,1064.1516,144694.1516,143630.0,1.446942,100000.0,1.431
2018-01-15,1064.1516,151584.1516,150520.0,1.515842,100000.0,1.4469
2018-01-16,1064.1516,151584.1516,150520.0,1.515842,100000.0,1.5158
2018-01-17,1064.1516,151902.1516,150838.0,1.519022,100000.0,1.5158
2018-01-18,1064.1516,157096.1516,156032.0,1.570962,100000.0,1.519
2018-01-19,1064.1516,157944.1516,156880.0,1.579442,100000.0,1.571
2018-01-22,1064.1516,154128.1516,153064.0,1.541282,100000.0,1.5794
2018-01-23,1064.1516,156354.1516,155290.0,1.563542,100000.0,1.5413
2018-01-24,1064.1516,156248.1516,155184.0,1.562482,100000.0,1.5635
2018-01-25,1064.1516,151584.1516,150520.0,1.515842,100000.0,1.5625
2018-01-26,1064.1516,149994.1516,148930.0,1.499942,100000.0,1.5158
2018-01-29,1064.1516,146708.1516,145644.0,1.467082,100000.0,1.4999
2018-01-30,1064.1516,145754.1516,144690.0,1.457542,100000.0,1.4671
2018-01-31,1064.1516,149994.1516,148930.0,1.499942,100000.0,1.4575
2018-02-01,1064.1516,149782.1516,148718.0,1.497822,100000.0,1.4999
2018-02-02,1064.1516,149994.1516,148930.0,1.499942,100000.0,1.4978
2018-02-05,1064.1516,155294.1516,154230.0,1.552942,100000.0,1.4999
2018-02-06,1064.1516,149464.1516,148400.0,1.494642,100000.0,1.5529
2018-02-07,1064.1516,138016.1516,136952.0,1.380162,100000.0,1.4946
2018-02-08,1064.1516,133988.1516,132924.0,1.339882,100000.0,1.3802
2018-02-09,1064.1516,124978.1516,123914.0,1.249782,100000.0,1.3399
2018-02-12,1064.1516,125296.1516,124232.0,1.252962,100000.0,1.2498
2018-02-13,1064.1516,127628.1516,126564.0,1.276282,100000.0,1.253
2018-02-14,1064.1516,128264.1516,127200.0,1.282642,100000.0,1.2763
2018-02-22,1064.1516,133140.1516,132076.0,1.331402,100000.0,1.2826
2018-02-23,1064.1516,134730.1516,133666.0,1.347302,100000.0,1.3314
2018-02-26,1064.1516,134942.1516,133878.0,1.349422,100000.0,1.3473
2018-02-27,1064.1516,131232.1516,130168.0,1.312322,100000.0,1.3494
2018-02-28,1064.1516,128794.1516,127730.0,1.287942,100000.0,1.3123
2018-03-01,1064.1516,128688.1516,127624.0,1.286882,100000.0,1.2879
2018-03-02,1064.1516,127734.1516,126670.0,1.277342,100000.0,1.2869
2018-03-05,1064.1516,126780.1516,125716.0,1.267802,100000.0,1.2773
2018-03-06,1064.1516,129324.1516,128260.0,1.293242,100000.0,1.2678
2018-03-07,1064.1516,128794.1516,127730.0,1.287942,100000.0,1.2932
2018-03-08,1064.1516,129430.1516,128366.0,1.294302,100000.0,1.2879
2018-03-09,1064.1516,129218.1516,128154.0,1.292182,100000.0,1.2943
2018-03-12,1064.1516,128582.1516,127518.0,1.285822,100000.0,1.2922
2018-03-13,1064.1516,128476.1516,127412.0,1.284762,100000.0,1.2858
2018-03-14,1064.1516,127416.1516,126352.0,1.274162,100000.0,1.2848
2018-03-15,1064.1516,125190.1516,124126.0,1.251902,100000.0,1.2742
2018-03-16,1064.1516,124448.1516,123384.0,1.244482,100000.0,1.2519
2018-03-19,1064.1516,126462.1516,125398.0,1.264622,100000.0,1.2445
2018-03-20,1064.1516,126356.1516,125292.0,1.263562,100000.0,1.2646
2018-03-21,1064.1516,127204.1516,126140.0,1.272042,100000.0,1.2636
2018-03-22,1064.1516,124660.1516,123596.0,1.246602,100000.0,1.272
2018-03-23,1064.1516,121268.1516,120204.0,1.212682,100000.0,1.2466
2018-03-26,116713.6072,116713.6072,0.0,1.167136,100000.0,1.2127
2018-03-27,116713.6072,116713.6072,0.0,1.167136,100000.0,1.1671
2018-03-28,116713.6072,116713.6072,0.0,1.167136,100000.0,1.1671
2018-03-29,116713.6072,116713.6072,0.0,1.167136,100000.0,1.1671
2018-03-30,116713.6072,116713.6072,0.0,1.167136,100000.0,1.1671
2018-04-02,116713.6072,116713.6072,0.0,1.167136,100000.0,1.1671
2018-04-03,116713.6072,116713.6072,0.0,1.167136,100000.0,1.1671
2018-04-04,116713.6072,116713.6072,0.0,1.167136,100000.0,1.1671
2018-04-09,116713.6072,116713.6072,0.0,1.167136,100000.0,1.1671
2018-04-10,136.42,116620.42,116484.0,1.166204,100000.0,1.1671
2018-04-11,136.42,120802.42,120666.0,1.208024,100000.0,1.1662
2018-04-12,136.42,117640.42,117504.0,1.176404,100000.0,1.208
2018-04-13,136.42,118150.42,118014.0,1.181504,100000.0,1.1764
2018-04-16,136.42,113356.42,113220.0,1.133564,100000.0,1.1815
2018-04-17,136.42,114478.42,114342.0,1.144784,100000.0,1.1336
2018-04-18,136.42,117436.42,117300.0,1.174364,100000.0,1.1448
2018-04-19,136.42,117130.42,116994.0,1.171304,100000.0,1.1744
2018-04-20,136.42,115906.42,115770.0,1.159064,100000.0,1.1713
2018-04-23,136.42,118150.42,118014.0,1.181504,100000.0,1.1591
2018-04-24,136.42,121108.42,120972.0,1.211084,100000.0,1.1815
2018-04-25,136.42,119272.42,119136.0,1.192724,100000.0,1.2111
2018-04-26,136.42,116620.42,116484.0,1.166204,100000.0,1.1927
2018-04-27,136.42,110806.42,110670.0,1.108064,100000.0,1.1662
2018-05-02,136.42,111112.42,110976.0,1.111124,100000.0,1.1081
2018-05-03,136.42,109786.42,109650.0,1.097864,100000.0,1.1111
2018-05-04,136.42,109072.42,108936.0,1.090724,100000.0,1.0979
2018-05-07,136.42,110398.42,110262.0,1.103984,100000.0,1.0907
2018-05-08,136.42,112438.42,112302.0,1.124384,100000.0,1.104
2018-05-09,136.42,112030.42,111894.0,1.120304,100000.0,1.1244
2018-05-10,136.42,112438.42,112302.0,1.124384,100000.0,1.1203
2018-05-11,136.42,112438.42,112302.0,1.124384,100000.0,1.1244
2018-05-14,136.42,114172.42,114036.0,1.141724,100000.0,1.1244
2018-05-15,136.42,113560.42,113424.0,1.135604,100000.0,1.1417
2018-05-16,136.42,111316.42,111180.0,1.113164,100000.0,1.1356
2018-05-17,136.42,110500.42,110364.0,1.105004,100000.0,1.1132
2018-05-18,136.42,111928.42,111792.0,1.119284,100000.0,1.105
2018-05-21,136.42,111826.42,111690.0,1.118264,100000.0,1.1193
2018-05-22,136.42,110908.42,110772.0,1.109084,100000.0,1.1183
2018-05-23,108570.886,108570.886,0.0,1.085709,100000.0,1.1091
2018-05-24,108570.886,108570.886,0.0,1.085709,100000.0,1.0857
2018-05-25,108570.886,108570.886,0.0,1.085709,100000.0,1.0857
2018-05-28,108570.886,108570.886,0.0,1.085709,100000.0,1.0857
2018-05-29,108570.886,108570.886,0.0,1.085709,100000.0,1.0857
2018-05-30,108570.886,108570.886,0.0,1.085709,100000.0,1.0857
2018-05-31,108570.886,108570.886,0.0,1.085709,100000.0,1.0857
2018-06-01,108570.886,108570.886,0.0,1.085709,100000.0,1.0857
2018-06-04,108570.886,108570.886,0.0,1.085709,100000.0,1.0857
2018-06-05,108570.886,108570.886,0.0,1.085709,100000.0,1.0857
2018-06-06,108570.886,108570.886,0.0,1.085709,100000.0,1.0857
2018-06-07,108570.886,108570.886,0.0,1.085709,100000.0,1.0857
2018-06-08,108570.886,108570.886,0.0,1.085709,100000.0,1.0857
2018-06-11,108570.886,108570.886,0.0,1.085709,100000.0,1.0857
2018-06-12,108570.886,108570.886,0.0,1.085709,100000.0,1.0857
2018-06-13,108570.886,108570.886,0.0,1.085709,100000.0,1.0857
2018-06-14,108570.886,108570.886,0.0,1.085709,100000.0,1.0857
2018-06-15,108570.886,108570.886,0.0,1.085709,100000.0,1.0857
2018-06-19,108570.886,108570.886,0.0,1.085709,100000.0,1.0857
2018-06-20,108570.886,108570.886,0.0,1.085709,100000.0,1.0857
2018-06-21,108570.886,108570.886,0.0,1.085709,100000.0,1.0857
2018-06-22,108570.886,108570.886,0.0,1.085709,100000.0,1.0857
2018-06-25,108570.886,108570.886,0.0,1.085709,100000.0,1.0857
2018-06-26,108570.886,108570.886,0.0,1.085709,100000.0,1.0857
2018-06-27,108570.886,108570.886,0.0,1.085709,100000.0,1.0857
2018-06-28,108570.886,108570.886,0.0,1.085709,100000.0,1.0857
2018-06-29,108570.886,108570.886,0.0,1.085709,100000.0,1.0857
2018-07-02,108570.886,108570.886,0.0,1.085709,100000.0,1.0857
2018-07-03,108570.886,108570.886,0.0,1.085709,100000.0,1.0857
2018-07-04,108570.886,108570.886,0.0,1.085709,100000.0,1.0857
2018-07-05,108570.886,108570.886,0.0,1.085709,100000.0,1.0857
2018-07-06,108570.886,108570.886,0.0,1.085709,100000.0,1.0857
2018-07-09,108570.886,108570.886,0.0,1.085709,100000.0,1.0857
2018-07-10,108570.886,108570.886,0.0,1.085709,100000.0,1.0857
2018-07-11,108570.886,108570.886,0.0,1.085709,100000.0,1.0857
2018-07-12,108570.886,108570.886,0.0,1.085709,100000.0,1.0857
2018-07-13,108570.886,108570.886,0.0,1.085709,100000.0,1.0857
2018-07-16,108570.886,108570.886,0.0,1.085709,100000.0,1.0857
2018-07-17,108570.886,108570.886,0.0,1.085709,100000.0,1.0857
2018-07-18,108570.886,108570.886,0.0,1.085709,100000.0,1.0857
2018-07-19,108570.886,108570.886,0.0,1.085709,100000.0,1.0857
2018-07-20,75.1588,108484.1588,108409.0,1.084842,100000.0,1.0857
2018-07-23,75.1588,112173.1588,112098.0,1.121732,100000.0,1.0848
2018-07-24,75.1588,111935.1588,111860.0,1.119352,100000.0,1.1217
2018-07-25,75.1588,111697.1588,111622.0,1.116972,100000.0,1.1194
2018-07-26,75.1588,110150.1588,110075.0,1.101502,100000.0,1.117
2018-07-27,75.1588,110150.1588,110075.0,1.101502,100000.0,1.1015
2018-07-30,75.1588,111816.1588,111741.0,1.118162,100000.0,1.1015
2018-07-31,75.1588,112173.1588,112098.0,1.121732,100000.0,1.1182
2018-08-01,75.1588,108960.1588,108885.0,1.089602,100000.0,1.1217
2018-08-02,75.1588,106461.1588,106386.0,1.064612,100000.0,1.0896
2018-08-03,75.1588,106104.1588,106029.0,1.061042,100000.0,1.0646
2018-08-06,75.1588,106461.1588,106386.0,1.064612,100000.0,1.061
2018-08-07,75.1588,109198.1588,109123.0,1.091982,100000.0,1.0646
2018-08-08,75.1588,107770.1588,107695.0,1.077702,100000.0,1.092
2018-08-09,75.1588,110626.1588,110551.0,1.106262,100000.0,1.0777
2018-08-10,75.1588,109912.1588,109837.0,1.099122,100000.0,1.1063
2018-08-13,75.1588,107770.1588,107695.0,1.077702,100000.0,1.0991
2018-08-14,75.1588,107175.1588,107100.0,1.071752,100000.0,1.0777
2018-08-15,75.1588,104676.1588,104601.0,1.046762,100000.0,1.0718
2018-08-16,75.1588,104557.1588,104482.0,1.045572,100000.0,1.0468
2018-08-17,75.1588,104914.1588,104839.0,1.049142,100000.0,1.0456
2018-08-20,75.1588,107175.1588,107100.0,1.071752,100000.0,1.0491
2018-08-21,75.1588,109912.1588,109837.0,1.099122,100000.0,1.0718
2018-08-22,75.1588,110626.1588,110551.0,1.106262,100000.0,1.0991
2018-08-23,75.1588,111459.1588,111384.0,1.114592,100000.0,1.1063
2018-08-24,75.1588,119432.1588,119357.0,1.194322,100000.0,1.1146
2018-08-27,75.1588,124192.1588,124117.0,1.241922,100000.0,1.1943
2018-08-28,75.1588,122526.1588,122451.0,1.225262,100000.0,1.2419
2018-08-29,75.1588,122288.1588,122213.0,1.222882,100000.0,1.2253
2018-08-30,75.1588,120503.1588,120428.0,1.205032,100000.0,1.2229
2018-08-31,75.1588,120622.1588,120547.0,1.206222,100000.0,1.205
2018-09-03,75.1588,121336.1588,121261.0,1.213362,100000.0,1.2062
2018-09-04,75.1588,124192.1588,124117.0,1.241922,100000.0,1.2134
2018-09-05,75.1588,119670.1588,119595.0,1.196702,100000.0,1.2419
2018-09-06,75.1588,118718.1588,118643.0,1.187182,100000.0,1.1967
2018-09-07,75.1588,119194.1588,119119.0,1.191942,100000.0,1.1872
2018-09-10,117435.5292,117435.5292,0.0,1.174355,100000.0,1.1919
2018-09-11,117435.5292,117435.5292,0.0,1.174355,100000.0,1.1744
2018-09-12,117435.5292,117435.5292,0.0,1.174355,100000.0,1.1744
2018-09-13,117435.5292,117435.5292,0.0,1.174355,100000.0,1.1744
2018-09-14,117435.5292,117435.5292,0.0,1.174355,100000.0,1.1744
2018-09-17,117435.5292,117435.5292,0.0,1.174355,100000.0,1.1744
2018-09-18,413.9868,117341.9868,116928.0,1.17342,100000.0,1.1744
2018-09-19,413.9868,119197.9868,118784.0,1.19198,100000.0,1.1734
2018-09-20,413.9868,119081.9868,118668.0,1.19082,100000.0,1.192
2018-09-21,413.9868,124185.9868,123772.0,1.24186,100000.0,1.1908
2018-09-25,413.9868,122793.9868,122380.0,1.22794,100000.0,1.2419
2018-09-26,413.9868,124649.9868,124236.0,1.2465,100000.0,1.2279
2018-09-27,413.9868,124997.9868,124584.0,1.24998,100000.0,1.2465
2018-09-28,413.9868,128593.9868,128180.0,1.28594,100000.0,1.25
2018-10-08,413.9868,121633.9868,121220.0,1.21634,100000.0,1.2859
2018-10-09,413.9868,122909.9868,122496.0,1.2291,100000.0,1.2163
2018-10-10,413.9868,121633.9868,121220.0,1.21634,100000.0,1.2291
2018-10-11,413.9868,114789.9868,114376.0,1.1479,100000.0,1.2163
2018-10-12,413.9868,119893.9868,119480.0,1.19894,100000.0,1.1479
2018-10-15,413.9868,117689.9868,117276.0,1.1769,100000.0,1.1989
2018-10-16,413.9868,120705.9868,120292.0,1.20706,100000.0,1.1769
2018-10-17,413.9868,120241.9868,119828.0,1.20242,100000.0,1.2071
2018-10-18,413.9868,117457.9868,117044.0,1.17458,100000.0,1.2024
2018-10-19,413.9868,125229.9868,124816.0,1.2523,100000.0,1.1746
2018-10-22,413.9868,129753.9868,129340.0,1.29754,100000.0,1.2523
2018-10-23,413.9868,126157.9868,125744.0,1.26158,100000.0,1.2975
2018-10-24,413.9868,128477.9868,128064.0,1.28478,100000.0,1.2616
2018-10-25,413.9868,131377.9868,130964.0,1.31378,100000.0,1.2848
2018-10-26,413.9868,130101.9868,129688.0,1.30102,100000.0,1.3138
2018-10-29,413.9868,125113.9868,124700.0,1.25114,100000.0,1.301
2018-10-30,413.9868,126853.9868,126440.0,1.26854,100000.0,1.2511
2018-10-31,413.9868,126969.9868,126556.0,1.2697,100000.0,1.2685
2018-11-01,125815.8564,125815.8564,0.0,1.258159,100000.0,1.2697
2018-11-02,125815.8564,125815.8564,0.0,1.258159,100000.0,1.2582
2018-11-05,125815.8564,125815.8564,0.0,1.258159,100000.0,1.2582
2018-11-06,125815.8564,125815.8564,0.0,1.258159,100000.0,1.2582
2018-11-07,125815.8564,125815.8564,0.0,1.258159,100000.0,1.2582
2018-11-08,125815.8564,125815.8564,0.0,1.258159,100000.0,1.2582
2018-11-09,125815.8564,125815.8564,0.0,1.258159,100000.0,1.2582
2018-11-12,125815.8564,125815.8564,0.0,1.258159,100000.0,1.2582
2018-11-13,125815.8564,125815.8564,0.0,1.258159,100000.0,1.2582
2018-11-14,125815.8564,125815.8564,0.0,1.258159,100000.0,1.2582
2018-11-15,125815.8564,125815.8564,0.0,1.258159,100000.0,1.2582
2018-11-16,125815.8564,125815.8564,0.0,1.258159,100000.0,1.2582
2018-11-19,125815.8564,125815.8564,0.0,1.258159,100000.0,1.2582
2018-11-20,125815.8564,125815.8564,0.0,1.258159,100000.0,1.2582
2018-11-21,125815.8564,125815.8564,0.0,1.258159,100000.0,1.2582
2018-11-22,125815.8564,125815.8564,0.0,1.258159,100000.0,1.2582
2018-11-23,125815.8564,125815.8564,0.0,1.258159,100000.0,1.2582
2018-11-26,125815.8564,125815.8564,0.0,1.258159,100000.0,1.2582
2018-11-27,125815.8564,125815.8564,0.0,1.258159,100000.0,1.2582
2018-11-28,125815.8564,125815.8564,0.0,1.258159,100000.0,1.2582
2018-11-29,125815.8564,125815.8564,0.0,1.258159,100000.0,1.2582
2018-11-30,125815.8564,125815.8564,0.0,1.258159,100000.0,1.2582
2018-12-03,125815.8564,125815.8564,0.0,1.258159,100000.0,1.2582
2018-12-04,125815.8564,125815.8564,0.0,1.258159,100000.0,1.2582
2018-12-05,125815.8564,125815.8564,0.0,1.258159,100000.0,1.2582
2018-12-06,125815.8564,125815.8564,0.0,1.258159,100000.0,1.2582
2018-12-07,125815.8564,125815.8564,0.0,1.258159,100000.0,1.2582
2018-12-10,125815.8564,125815.8564,0.0,1.258159,100000.0,1.2582
2018-12-11,125815.8564,125815.8564,0.0,1.258159,100000.0,1.2582
2018-12-12,125815.8564,125815.8564,0.0,1.258159,100000.0,1.2582
2018-12-13,125815.8564,125815.8564,0.0,1.258159,100000.0,1.2582
2018-12-14,125815.8564,125815.8564,0.0,1.258159,100000.0,1.2582
2018-12-17,125815.8564,125815.8564,0.0,1.258159,100000.0,1.2582
2018-12-18,125815.8564,125815.8564,0.0,1.258159,100000.0,1.2582
2018-12-19,125815.8564,125815.8564,0.0,1.258159,100000.0,1.2582
2018-12-20,125815.8564,125815.8564,0.0,1.258159,100000.0,1.2582
2018-12-21,125815.8564,125815.8564,0.0,1.258159,100000.0,1.2582
2018-12-24,125815.8564,125815.8564,0.0,1.258159,100000.0,1.2582
2018-12-25,125815.8564,125815.8564,0.0,1.258159,100000.0,1.2582
2018-12-26,125815.8564,125815.8564,0.0,1.258159,100000.0,1.2582
2018-12-27,125815.8564,125815.8564,0.0,1.258159,100000.0,1.2582
2018-12-28,125815.8564,125815.8564,0.0,1.258159,100000.0,1.2582
2019-01-02,125815.8564,125815.8564,0.0,1.258159,100000.0,1.2582
2019-01-03,125815.8564,125815.8564,0.0,1.258159,100000.0,1.2582
2019-01-04,125815.8564,125815.8564,0.0,1.258159,100000.0,1.2582
2019-01-07,125815.8564,125815.8564,0.0,1.258159,100000.0,1.2582
2019-01-08,125815.8564,125815.8564,0.0,1.258159,100000.0,1.2582
2019-01-09,471.6612,125715.6612,125244.0,1.257157,100000.0,1.2582
2019-01-10,471.6612,127731.6612,127260.0,1.277317,100000.0,1.2572
2019-01-11,471.6612,128991.6612,128520.0,1.289917,100000.0,1.2773
2019-01-14,471.6612,127857.6612,127386.0,1.278577,100000.0,1.2899
2019-01-15,471.6612,129495.6612,129024.0,1.294957,100000.0,1.2786
2019-01-16,471.6612,132519.6612,132048.0,1.325197,100000.0,1.295
2019-01-17,471.6612,129621.6612,129150.0,1.296217,100000.0,1.3252
2019-01-18,471.6612,131889.6612,131418.0,1.318897,100000.0,1.2962
2019-01-21,471.6612,130755.6612,130284.0,1.307557,100000.0,1.3189
2019-01-22,471.6612,129999.6612,129528.0,1.299997,100000.0,1.3076
2019-01-23,471.6612,130881.6612,130410.0,1.308817,100000.0,1.3
2019-01-24,471.6612,133023.6612,132552.0,1.330237,100000.0,1.3088
2019-01-25,471.6612,139071.6612,138600.0,1.390717,100000.0,1.3302
2019-01-28,471.6612,138315.6612,137844.0,1.383157,100000.0,1.3907
2019-01-29,471.6612,139071.6612,138600.0,1.390717,100000.0,1.3832
2019-01-30,471.6612,138441.6612,137970.0,1.384417,100000.0,1.3907
2019-01-31,471.6612,140331.6612,139860.0,1.403317,100000.0,1.3844
2019-02-01,471.6612,141591.6612,141120.0,1.415917,100000.0,1.4033
2019-02-11,471.6612,141717.6612,141246.0,1.417177,100000.0,1.4159
2019-02-12,471.6612,141465.6612,140994.0,1.414657,100000.0,1.4172
2019-02-13,471.6612,143859.6612,143388.0,1.438597,100000.0,1.4147
2019-02-14,471.6612,142221.6612,141750.0,1.422217,100000.0,1.4386
2019-02-15,471.6612,138441.6612,137970.0,1.384417,100000.0,1.4222
2019-02-18,471.6612,143607.6612,143136.0,1.436077,100000.0,1.3844
2019-02-19,471.6612,142473.6612,142002.0,1.424737,100000.0,1.4361
2019-02-20,471.6612,144237.6612,143766.0,1.442377,100000.0,1.4247
2019-02-21,471.6612,143607.6612,143136.0,1.436077,100000.0,1.4424
2019-02-22,471.6612,145875.6612,145404.0,1.458757,100000.0,1.4361
2019-02-25,471.6612,158601.6612,158130.0,1.586017,100000.0,1.4588
2019-02-26,471.6612,154191.6612,153720.0,1.541917,100000.0,1.586
2019-02-27,471.6612,156711.6612,156240.0,1.567117,100000.0,1.5419
2019-02-28,471.6612,156207.6612,155736.0,1.562077,100000.0,1.5671
2019-03-01,471.6612,161247.6612,160776.0,1.612477,100000.0,1.5621
2019-03-04,471.6612,164145.6612,163674.0,1.641457,100000.0,1.6125
2019-03-05,471.6612,165027.6612,164556.0,1.650277,100000.0,1.6415
2019-03-06,471.6612,165279.6612,164808.0,1.652797,100000.0,1.6503
2019-03-07,471.6612,160995.6612,160524.0,1.609957,100000.0,1.6528
2019-03-08,471.6612,155451.6612,154980.0,1.554517,100000.0,1.61
2019-03-11,155424.2436,155424.2436,0.0,1.554242,100000.0,1.5545
2019-03-12,155424.2436,155424.2436,0.0,1.554242,100000.0,1.5542
2019-03-13,155424.2436,155424.2436,0.0,1.554242,100000.0,1.5542
2019-03-14,155424.2436,155424.2436,0.0,1.554242,100000.0,1.5542
2019-03-15,155424.2436,155424.2436,0.0,1.554242,100000.0,1.5542
2019-03-18,380.3076,155300.3076,154920.0,1.553003,100000.0,1.5542
2019-03-19,380.3076,153860.3076,153480.0,1.538603,100000.0,1.553
2019-03-20,380.3076,153380.3076,153000.0,1.533803,100000.0,1.5386
2019-03-21,380.3076,152660.3076,152280.0,1.526603,100000.0,1.5338
2019-03-22,380.3076,151460.3076,151080.0,1.514603,100000.0,1.5266
2019-03-25,380.3076,145700.3076,145320.0,1.457003,100000.0,1.5146
2019-03-26,380.3076,145580.3076,145200.0,1.455803,100000.0,1.457
2019-03-27,380.3076,148940.3076,148560.0,1.489403,100000.0,1.4558
2019-03-28,380.3076,147020.3076,146640.0,1.470203,100000.0,1.4894
2019-03-29,380.3076,154220.3076,153840.0,1.542203,100000.0,1.4702
2019-04-01,380.3076,158540.3076,158160.0,1.585403,100000.0,1.5422
2019-04-02,380.3076,160700.3076,160320.0,1.607003,100000.0,1.5854
2019-04-03,380.3076,161660.3076,161280.0,1.616603,100000.0,1.607
2019-04-04,380.3076,166700.3076,166320.0,1.667003,100000.0,1.6166
2019-04-08,380.3076,167900.3076,167520.0,1.679003,100000.0,1.667
2019-04-09,380.3076,166100.3076,165720.0,1.661003,100000.0,1.679
2019-04-10,380.3076,165140.3076,164760.0,1.651403,100000.0,1.661
2019-04-11,380.3076,162860.3076,162480.0,1.628603,100000.0,1.6514
2019-04-12,380.3076,161420.3076,161040.0,1.614203,100000.0,1.6286
2019-04-15,380.3076,164660.3076,164280.0,1.646603,100000.0,1.6142
2019-04-16,380.3076,175340.3076,174960.0,1.753403,100000.0,1.6466
2019-04-17,380.3076,172580.3076,172200.0,1.725803,100000.0,1.7534
2019-04-18,380.3076,172460.3076,172080.0,1.724603,100000.0,1.7258
2019-04-19,380.3076,177140.3076,176760.0,1.771403,100000.0,1.7246
2019-04-22,380.3076,170180.3076,169800.0,1.701803,100000.0,1.7714
2019-04-23,380.3076,169220.3076,168840.0,1.692203,100000.0,1.7018
2019-04-24,380.3076,173660.3076,173280.0,1.736603,100000.0,1.6922
2019-04-25,169635.0996,169635.0996,0.0,1.696351,100000.0,1.7366
2019-04-26,169635.0996,169635.0996,0.0,1.696351,100000.0,1.6964
2019-04-29,169635.0996,169635.0996,0.0,1.696351,100000.0,1.6964
2019-04-30,169635.0996,169635.0996,0.0,1.696351,100000.0,1.6964
2019-05-06,169635.0996,169635.0996,0.0,1.696351,100000.0,1.6964
2019-05-07,169635.0996,169635.0996,0.0,1.696351,100000.0,1.6964
2019-05-08,169635.0996,169635.0996,0.0,1.696351,100000.0,1.6964
2019-05-09,169635.0996,169635.0996,0.0,1.696351,100000.0,1.6964
2019-05-10,169635.0996,169635.0996,0.0,1.696351,100000.0,1.6964
2019-05-13,169635.0996,169635.0996,0.0,1.696351,100000.0,1.6964
2019-05-14,169635.0996,169635.0996,0.0,1.696351,100000.0,1.6964
2019-05-15,169635.0996,169635.0996,0.0,1.696351,100000.0,1.6964
2019-05-16,169635.0996,169635.0996,0.0,1.696351,100000.0,1.6964
2019-05-17,169635.0996,169635.0996,0.0,1.696351,100000.0,1.6964
2019-05-20,169635.0996,169635.0996,0.0,1.696351,100000.0,1.6964
2019-05-21,169635.0996,169635.0996,0.0,1.696351,100000.0,1.6964
2019-05-22,169635.0996,169635.0996,0.0,1.696351,100000.0,1.6964
2019-05-23,169635.0996,169635.0996,0.0,1.696351,100000.0,1.6964
2019-05-24,169635.0996,169635.0996,0.0,1.696351,100000.0,1.6964
2019-05-27,169635.0996,169635.0996,0.0,1.696351,100000.0,1.6964
2019-05-28,169635.0996,169635.0996,0.0,1.696351,100000.0,1.6964
2019-05-29,169635.0996,169635.0996,0.0,1.696351,100000.0,1.6964
2019-05-30,169635.0996,169635.0996,0.0,1.696351,100000.0,1.6964
2019-05-31,169635.0996,169635.0996,0.0,1.696351,100000.0,1.6964
2019-06-03,169635.0996,169635.0996,0.0,1.696351,100000.0,1.6964
2019-06-04,169635.0996,169635.0996,0.0,1.696351,100000.0,1.6964
2019-06-05,169635.0996,169635.0996,0.0,1.696351,100000.0,1.6964
2019-06-06,169635.0996,169635.0996,0.0,1.696351,100000.0,1.6964
2019-06-10,169635.0996,169635.0996,0.0,1.696351,100000.0,1.6964
2019-06-11,1255.5036,169500.5036,168245.0,1.695005,100000.0,1.6964
2019-06-12,1255.5036,168436.5036,167181.0,1.684365,100000.0,1.695
2019-06-13,1255.5036,168702.5036,167447.0,1.687025,100000.0,1.6844
2019-06-14,1255.5036,167372.5036,166117.0,1.673725,100000.0,1.687
2019-06-17,1255.5036,169766.5036,168511.0,1.697665,100000.0,1.6737
2019-06-18,1255.5036,171495.5036,170240.0,1.714955,100000.0,1.6977
2019-06-19,1255.5036,175086.5036,173831.0,1.750865,100000.0,1.715
2019-06-20,1255.5036,184795.5036,183540.0,1.847955,100000.0,1.7509
2019-06-21,1255.5036,182667.5036,181412.0,1.826675,100000.0,1.848
2019-06-24,1255.5036,183332.5036,182077.0,1.833325,100000.0,1.8267
2019-06-25,1255.5036,179874.5036,178619.0,1.798745,100000.0,1.8333
2019-06-26,3184.0036,181005.0036,177821.0,1.81005,100000.0,1.7987
2019-06-27,3184.0036,185527.0036,182343.0,1.85527,100000.0,1.8101
2019-06-28,3184.0036,186458.0036,183274.0,1.86458,100000.0,1.8553
2019-07-01,3184.0036,188453.0036,185269.0,1.88453,100000.0,1.8646
2019-07-02,3184.0036,191778.0036,188594.0,1.91778,100000.0,1.8845
2019-07-03,3184.0036,189517.0036,186333.0,1.89517,100000.0,1.9178
2019-07-04,3184.0036,189251.0036,186067.0,1.89251,100000.0,1.8952
2019-07-05,3184.0036,188320.0036,185136.0,1.8832,100000.0,1.8925
2019-07-08,3184.0036,183931.0036,180747.0,1.83931,100000.0,1.8832
2019-07-09,3184.0036,183931.0036,180747.0,1.83931,100000.0,1.8393
2019-07-10,183207.3772,183207.3772,0.0,1.832074,100000.0,1.8393
2019-07-11,183207.3772,183207.3772,0.0,1.832074,100000.0,1.8321
2019-07-12,913.6588,183061.6588,182148.0,1.830617,100000.0,1.8321
2019-07-15,913.6588,181513.6588,180600.0,1.815137,100000.0,1.8306
2019-07-16,913.6588,178288.6588,177375.0,1.782887,100000.0,1.8151
2019-07-17,913.6588,177514.6588,176601.0,1.775147,100000.0,1.7829
2019-07-18,913.6588,177256.6588,176343.0,1.772567,100000.0,1.7751
2019-07-19,913.6588,181384.6588,180471.0,1.813847,100000.0,1.7726
2019-07-22,913.6588,179578.6588,178665.0,1.795787,100000.0,1.8138
2019-07-23,913.6588,178417.6588,177504.0,1.784177,100000.0,1.7958
2019-07-24,913.6588,179965.6588,179052.0,1.799657,100000.0,1.7842
2019-07-25,913.6588,184093.6588,183180.0,1.840937,100000.0,1.7997
2019-07-26,913.6588,184480.6588,183567.0,1.844807,100000.0,1.8409
2019-07-29,913.6588,185254.6588,184341.0,1.852547,100000.0,1.8448
2019-07-30,913.6588,186286.6588,185373.0,1.862867,100000.0,1.8525
2019-07-31,913.6588,183190.6588,182277.0,1.831907,100000.0,1.8629
2019-08-01,913.6588,182803.6588,181890.0,1.828037,100000.0,1.8319
2019-08-02,913.6588,178159.6588,177246.0,1.781597,100000.0,1.828
2019-08-05,913.6588,173128.6588,172215.0,1.731287,100000.0,1.7816
2019-08-06,913.6588,173386.6588,172473.0,1.733867,100000.0,1.7313
2019-08-07,913.6588,175579.6588,174666.0,1.755797,100000.0,1.7339
2019-08-08,913.6588,186415.6588,185502.0,1.864157,100000.0,1.7558
2019-08-09,913.6588,188221.6588,187308.0,1.882217,100000.0,1.8642
2019-08-12,913.6588,195961.6588,195048.0,1.959617,100000.0,1.8822
2019-08-13,913.6588,192994.6588,192081.0,1.929947,100000.0,1.9596
2019-08-14,913.6588,194026.6588,193113.0,1.940267,100000.0,1.9299
2019-08-15,913.6588,193639.6588,192726.0,1.936397,100000.0,1.9403
2019-08-16,913.6588,193123.6588,192210.0,1.931237,100000.0,1.9364
2019-08-19,913.6588,193381.6588,192468.0,1.933817,100000.0,1.9312
2019-08-20,913.6588,194284.6588,193371.0,1.942847,100000.0,1.9338
2019-08-21,913.6588,187318.6588,186405.0,1.873187,100000.0,1.9428
2019-08-22,913.6588,185512.6588,184599.0,1.855127,100000.0,1.8732
2019-08-23,913.6588,189898.6588,188985.0,1.898987,100000.0,1.8551
2019-08-26,913.6588,184738.6588,183825.0,1.847387,100000.0,1.899
2019-08-27,913.6588,185512.6588,184599.0,1.855127,100000.0,1.8474
2019-08-28,913.6588,184996.6588,184083.0,1.849967,100000.0,1.8551
2019-08-29,913.6588,183190.6588,182277.0,1.831907,100000.0,1.85
2019-08-30,913.6588,183577.6588,182664.0,1.835777,100000.0,1.8319
2019-09-02,913.6588,187318.6588,186405.0,1.873187,100000.0,1.8358
2019-09-03,913.6588,185383.6588,184470.0,1.853837,100000.0,1.8732
2019-09-04,913.6588,187189.6588,186276.0,1.871897,100000.0,1.8538
2019-09-05,913.6588,188995.6588,188082.0,1.889957,100000.0,1.8719
2019-09-06,913.6588,191962.6588,191049.0,1.919627,100000.0,1.89
2019-09-09,913.6588,190414.6588,189501.0,1.904147,100000.0,1.9196
2019-09-10,913.6588,188608.6588,187695.0,1.886087,100000.0,1.9041
2019-09-11,913.6588,188737.6588,187824.0,1.887377,100000.0,1.8861
2019-09-12,913.6588,190285.6588,189372.0,1.902857,100000.0,1.8874
2019-09-16,913.6588,187318.6588,186405.0,1.873187,100000.0,1.9029
2019-09-17,913.6588,184609.6588,183696.0,1.846097,100000.0,1.8732
2019-09-18,913.6588,186802.6588,185889.0,1.868027,100000.0,1.8461
2019-09-19,913.6588,192349.6588,191436.0,1.923497,100000.0,1.868
2019-09-20,913.6588,198799.6588,197886.0,1.987997,100000.0,1.9235
2019-09-23,913.6588,199315.6588,198402.0,1.993157,100000.0,1.988
2019-09-24,913.6588,196735.6588,195822.0,1.967357,100000.0,1.9932
2019-09-25,913.6588,204088.6588,203175.0,2.040887,100000.0,1.9674
2019-09-26,913.6588,203572.6588,202659.0,2.035727,100000.0,2.0409
2019-09-27,913.6588,206023.6588,205110.0,2.060237,100000.0,2.0357
2019-09-30,913.6588,202024.6588,201111.0,2.020247,100000.0,2.0602
2019-10-08,913.6588,209893.6588,208980.0,2.098937,100000.0,2.0202
2019-10-09,913.6588,210538.6588,209625.0,2.105387,100000.0,2.0989
2019-10-10,913.6588,210409.6588,209496.0,2.104097,100000.0,2.1054
2019-10-11,913.6588,217762.6588,216849.0,2.177627,100000.0,2.1041
2019-10-14,913.6588,223051.6588,222138.0,2.230517,100000.0,2.1776
2019-10-15,913.6588,222535.6588,221622.0,2.225357,100000.0,2.2305
2019-10-16,913.6588,217504.6588,216591.0,2.175047,100000.0,2.2254
2019-10-17,913.6588,216343.6588,215430.0,2.163437,100000.0,2.175
2019-10-18,913.6588,213892.6588,212979.0,2.138927,100000.0,2.1634
2019-10-21,913.6588,218794.6588,217881.0,2.187947,100000.0,2.1389
2019-10-22,212350.3864,212350.3864,0.0,2.123504,100000.0,2.1879
2019-10-23,212350.3864,212350.3864,0.0,2.123504,100000.0,2.1235
2019-10-24,212350.3864,212350.3864,0.0,2.123504,100000.0,2.1235
2019-10-25,212350.3864,212350.3864,0.0,2.123504,100000.0,2.1235
2019-10-28,212350.3864,212350.3864,0.0,2.123504,100000.0,2.1235
2019-10-29,212350.3864,212350.3864,0.0,2.123504,100000.0,2.1235
2019-10-30,212350.3864,212350.3864,0.0,2.123504,100000.0,2.1235
2019-10-31,212350.3864,212350.3864,0.0,2.123504,100000.0,2.1235
2019-11-01,212350.3864,212350.3864,0.0,2.123504,100000.0,2.1235
2019-11-04,212350.3864,212350.3864,0.0,2.123504,100000.0,2.1235
2019-11-05,212350.3864,212350.3864,0.0,2.123504,100000.0,2.1235
2019-11-06,212350.3864,212350.3864,0.0,2.123504,100000.0,2.1235
2019-11-07,212350.3864,212350.3864,0.0,2.123504,100000.0,2.1235
2019-11-08,212350.3864,212350.3864,0.0,2.123504,100000.0,2.1235
2019-11-11,212350.3864,212350.3864,0.0,2.123504,100000.0,2.1235
2019-11-12,212350.3864,212350.3864,0.0,2.123504,100000.0,2.1235
2019-11-13,212350.3864,212350.3864,0.0,2.123504,100000.0,2.1235
2019-11-14,212350.3864,212350.3864,0.0,2.123504,100000.0,2.1235
2019-11-15,212350.3864,212350.3864,0.0,2.123504,100000.0,2.1235
2019-11-18,212350.3864,212350.3864,0.0,2.123504,100000.0,2.1235
2019-11-19,212350.3864,212350.3864,0.0,2.123504,100000.0,2.1235
2019-11-20,212350.3864,212350.3864,0.0,2.123504,100000.0,2.1235
2019-11-21,212350.3864,212350.3864,0.0,2.123504,100000.0,2.1235
2019-11-22,212350.3864,212350.3864,0.0,2.123504,100000.0,2.1235
2019-11-25,212350.3864,212350.3864,0.0,2.123504,100000.0,2.1235
2019-11-26,212350.3864,212350.3864,0.0,2.123504,100000.0,2.1235
2019-11-27,212350.3864,212350.3864,0.0,2.123504,100000.0,2.1235
2019-11-28,212350.3864,212350.3864,0.0,2.123504,100000.0,2.1235
2019-11-29,212350.3864,212350.3864,0.0,2.123504,100000.0,2.1235
2019-12-02,212350.3864,212350.3864,0.0,2.123504,100000.0,2.1235
2019-12-03,212350.3864,212350.3864,0.0,2.123504,100000.0,2.1235
2019-12-04,212350.3864,212350.3864,0.0,2.123504,100000.0,2.1235
2019-12-05,212350.3864,212350.3864,0.0,2.123504,100000.0,2.1235
2019-12-06,212350.3864,212350.3864,0.0,2.123504,100000.0,2.1235
2019-12-09,212350.3864,212350.3864,0.0,2.123504,100000.0,2.1235
2019-12-10,212350.3864,212350.3864,0.0,2.123504,100000.0,2.1235
2019-12-11,212350.3864,212350.3864,0.0,2.123504,100000.0,2.1235
2019-12-12,212350.3864,212350.3864,0.0,2.123504,100000.0,2.1235
2019-12-13,1009.4488,212181.4488,211172.0,2.121814,100000.0,2.1235
2019-12-16,1009.4488,212312.4488,211303.0,2.123124,100000.0,2.1218
2019-12-17,1009.4488,217159.4488,216150.0,2.171594,100000.0,2.1231
2019-12-18,1009.4488,216635.4488,215626.0,2.166354,100000.0,2.1716
2019-12-19,1009.4488,217814.4488,216805.0,2.178144,100000.0,2.1664
2019-12-20,1009.4488,218338.4488,217329.0,2.183384,100000.0,2.1781
2019-12-23,1009.4488,213753.4488,212744.0,2.137534,100000.0,2.1834
2019-12-24,1009.4488,215849.4488,214840.0,2.158494,100000.0,2.1375
2019-12-25,1009.4488,214539.4488,213530.0,2.145394,100000.0,2.1585
2019-12-26,1009.4488,216766.4488,215757.0,2.167664,100000.0,2.1454
2019-12-27,1009.4488,218862.4488,217853.0,2.188624,100000.0,2.1677
2019-12-30,1009.4488,218076.4488,217067.0,2.180764,100000.0,2.1886
2019-12-31,1009.4488,216504.4488,215495.0,2.165044,100000.0,2.1808
2020-01-02,1009.4488,222006.4488,220997.0,2.220064,100000.0,2.165
2020-01-03,1009.4488,226067.4488,225058.0,2.260674,100000.0,2.2201
2020-01-06,1009.4488,224626.4488,223617.0,2.246264,100000.0,2.2607
2020-01-07,1009.4488,225674.4488,224665.0,2.256744,100000.0,2.2463
2020-01-08,1009.4488,219255.4488,218246.0,2.192554,100000.0,2.2567
2020-01-09,1009.4488,220958.4488,219949.0,2.209584,100000.0,2.1926
2020-01-10,1009.4488,219648.4488,218639.0,2.196484,100000.0,2.2096
2020-01-13,1009.4488,223578.4488,222569.0,2.235784,100000.0,2.1965
2020-01-14,1009.4488,220565.4488,219556.0,2.205654,100000.0,2.2358
2020-01-15,1009.4488,217421.4488,216412.0,2.174214,100000.0,2.2057
2020-01-16,1009.4488,214932.4488,213923.0,2.149324,100000.0,2.1742
2020-01-17,1009.4488,215718.4488,214709.0,2.157184,100000.0,2.1493
2020-01-20,1009.4488,216504.4488,215495.0,2.165044,100000.0,2.1572
2020-01-21,1009.4488,210609.4488,209600.0,2.106094,100000.0,2.165
2020-01-22,1009.4488,211788.4488,210779.0,2.117884,100000.0,2.1061
2020-01-23,1009.4488,204583.4488,203574.0,2.045834,100000.0,2.1179
2020-02-03,1009.4488,184278.4488,183269.0,1.842784,100000.0,2.0458
2020-02-04,1009.4488,192269.4488,191260.0,1.922694,100000.0,1.8428
2020-02-05,1009.4488,192662.4488,191653.0,1.926624,100000.0,1.9227
2020-02-06,1009.4488,194496.4488,193487.0,1.944964,100000.0,1.9266
2020-02-07,1009.4488,192531.4488,191522.0,1.925314,100000.0,1.945
2020-02-10,1009.4488,190959.4488,189950.0,1.909594,100000.0,1.9253
2020-02-11,1009.4488,194758.4488,193749.0,1.947584,100000.0,1.9096
2020-02-12,1009.4488,194496.4488,193487.0,1.944964,100000.0,1.9476
2020-02-13,1009.4488,192924.4488,191915.0,1.929244,100000.0,1.945
2020-02-14,1009.4488,197902.4488,196893.0,1.979024,100000.0,1.9292
2020-02-17,1009.4488,202356.4488,201347.0,2.023564,100000.0,1.979
2020-02-18,1009.4488,200129.4488,199120.0,2.001294,100000.0,2.0236
2020-02-19,1009.4488,200653.4488,199644.0,2.006534,100000.0,2.0013
2020-02-20,1009.4488,205238.4488,204229.0,2.052384,100000.0,2.0065
2020-02-21,1009.4488,205107.4488,204098.0,2.051074,100000.0,2.0524
2020-02-24,1009.4488,200522.4488,199513.0,2.005224,100000.0,2.0511
2020-02-25,1009.4488,198033.4488,197024.0,1.980334,100000.0,2.0052
2020-02-26,1009.4488,197378.4488,196369.0,1.973784,100000.0,1.9803
2020-02-27,1009.4488,198950.4488,197941.0,1.989504,100000.0,1.9738
2020-02-28,1009.4488,190959.4488,189950.0,1.909594,100000.0,1.9895
2020-03-02,1009.4488,194758.4488,193749.0,1.947584,100000.0,1.9096
2020-03-03,1009.4488,193841.4488,192832.0,1.938414,100000.0,1.9476
2020-03-04,193102.0586,193102.0586,0.0,1.931021,100000.0,1.9384
2020-03-05,573.1586,192948.1586,192375.0,1.929482,100000.0,1.931
2020-03-06,573.1586,188448.1586,187875.0,1.884482,100000.0,1.9295
2020-03-09,573.1586,181198.1586,180625.0,1.811982,100000.0,1.8845
2020-03-10,573.1586,185073.1586,184500.0,1.850732,100000.0,1.812
2020-03-11,573.1586,184198.1586,183625.0,1.841982,100000.0,1.8507
2020-03-12,573.1586,184073.1586,183500.0,1.840732,100000.0,1.842
2020-03-13,573.1586,182073.1586,181500.0,1.820732,100000.0,1.8407
2020-03-16,573.1586,172448.1586,171875.0,1.724482,100000.0,1.8207
2020-03-17,573.1586,168198.1586,167625.0,1.681982,100000.0,1.7245
2020-03-18,573.1586,159448.1586,158875.0,1.594482,100000.0,1.682
2020-03-19,573.1586,153448.1586,152875.0,1.534482,100000.0,1.5945
2020-03-20,573.1586,157073.1586,156500.0,1.570732,100000.0,1.5345
2020-03-23,573.1586,152448.1586,151875.0,1.524482,100000.0,1.5707
2020-03-24,573.1586,158198.1586,157625.0,1.581982,100000.0,1.5245
2020-03-25,573.1586,161448.1586,160875.0,1.614482,100000.0,1.582
2020-03-26,573.1586,163823.1586,163250.0,1.638232,100000.0,1.6145
2020-03-27,573.1586,164948.1586,164375.0,1.649482,100000.0,1.6382
2020-03-30,573.1586,162323.1586,161750.0,1.623232,100000.0,1.6495
2020-03-31,573.1586,160573.1586,160000.0,1.605732,100000.0,1.6232
2020-04-01,573.1586,161698.1586,161125.0,1.616982,100000.0,1.6057
2020-04-02,573.1586,162698.1586,162125.0,1.626982,100000.0,1.617
2020-04-03,573.1586,158198.1586,157625.0,1.581982,100000.0,1.627
2020-04-07,573.1586,161573.1586,161000.0,1.615732,100000.0,1.582
2020-04-08,573.1586,160323.1586,159750.0,1.603232,100000.0,1.6157
2020-04-09,573.1586,159823.1586,159250.0,1.598232,100000.0,1.6032
2020-04-10,573.1586,160448.1586,159875.0,1.604482,100000.0,1.5982
2020-04-13,573.1586,157948.1586,157375.0,1.579482,100000.0,1.6045
2020-04-14,573.1586,161323.1586,160750.0,1.613232,100000.0,1.5795
2020-04-15,573.1586,161448.1586,160875.0,1.614482,100000.0,1.6132
2020-04-16,573.1586,159073.1586,158500.0,1.590732,100000.0,1.6145
2020-04-17,573.1586,161698.1586,161125.0,1.616982,100000.0,1.5907
2020-04-20,573.1586,162948.1586,162375.0,1.629482,100000.0,1.617
2020-04-21,573.1586,168698.1586,168125.0,1.686982,100000.0,1.6295
2020-04-22,573.1586,165948.1586,165375.0,1.659482,100000.0,1.687
2020-04-23,573.1586,165948.1586,165375.0,1.659482,100000.0,1.6595
2020-04-24,573.1586,166073.1586,165500.0,1.660732,100000.0,1.6595
2020-04-27,573.1586,169323.1586,168750.0,1.693232,100000.0,1.6607
2020-04-28,573.1586,169573.1586,169000.0,1.695732,100000.0,1.6932
2020-04-29,573.1586,175823.1586,175250.0,1.758232,100000.0,1.6957
2020-04-30,573.1586,174698.1586,174125.0,1.746982,100000.0,1.7582
2020-05-06,573.1586,172698.1586,172125.0,1.726982,100000.0,1.747
2020-05-07,573.1586,171698.1586,171125.0,1.716982,100000.0,1.727
2020-05-08,573.1586,174948.1586,174375.0,1.749482,100000.0,1.717
2020-05-11,573.1586,175573.1586,175000.0,1.755732,100000.0,1.7495
2020-05-12,573.1586,172948.1586,172375.0,1.729482,100000.0,1.7557
2020-05-13,573.1586,170948.1586,170375.0,1.709482,100000.0,1.7295
2020-05-14,573.1586,166823.1586,166250.0,1.668232,100000.0,1.7095
2020-05-15,165650.4836,165650.4836,0.0,1.656505,100000.0,1.6682
2020-05-18,165650.4836,165650.4836,0.0,1.656505,100000.0,1.6565
2020-05-19,165650.4836,165650.4836,0.0,1.656505,100000.0,1.6565
2020-05-20,165650.4836,165650.4836,0.0,1.656505,100000.0,1.6565
2020-05-21,165650.4836,165650.4836,0.0,1.656505,100000.0,1.6565
2020-05-22,165650.4836,165650.4836,0.0,1.656505,100000.0,1.6565
2020-05-25,165650.4836,165650.4836,0.0,1.656505,100000.0,1.6565
2020-05-26,165650.4836,165650.4836,0.0,1.656505,100000.0,1.6565
2020-05-27,165650.4836,165650.4836,0.0,1.656505,100000.0,1.6565
2020-05-28,165650.4836,165650.4836,0.0,1.656505,100000.0,1.6565
2020-05-29,165650.4836,165650.4836,0.0,1.656505,100000.0,1.6565
2020-06-01,165650.4836,165650.4836,0.0,1.656505,100000.0,1.6565
2020-06-02,208.2356,165518.2356,165310.0,1.655182,100000.0,1.6565
2020-06-03,208.2356,165396.2356,165188.0,1.653962,100000.0,1.6552
2020-06-04,208.2356,165762.2356,165554.0,1.657622,100000.0,1.654
2020-06-05,208.2356,166006.2356,165798.0,1.660062,100000.0,1.6576
2020-06-08,208.2356,166372.2356,166164.0,1.663722,100000.0,1.6601
2020-06-09,208.2356,166982.2356,166774.0,1.669822,100000.0,1.6637
2020-06-10,208.2356,164786.2356,164578.0,1.647862,100000.0,1.6698
2020-06-11,208.2356,159784.2356,159576.0,1.597842,100000.0,1.6479
2020-06-12,208.2356,158686.2356,158478.0,1.586862,100000.0,1.5978
2020-06-15,208.2356,156612.2356,156404.0,1.566122,100000.0,1.5869
2020-06-16,208.2356,157466.2356,157258.0,1.574662,100000.0,1.5661
2020-06-17,208.2356,156978.2356,156770.0,1.569782,100000.0,1.5747
2020-06-18,208.2356,155880.2356,155672.0,1.558802,100000.0,1.5698
2020-06-19,208.2356,156368.2356,156160.0,1.563682,100000.0,1.5588
2020-06-22,208.2356,154416.2356,154208.0,1.544162,100000.0,1.5637
2020-06-23,208.2356,153928.2356,153720.0,1.539282,100000.0,1.5442
2020-06-24,208.2356,156368.2356,156160.0,1.563682,100000.0,1.5393
2020-06-29,208.2356,156368.2356,156160.0,1.563682,100000.0,1.5637
2020-06-30,208.2356,156368.2356,156160.0,1.563682,100000.0,1.5637
2020-07-01,208.2356,160272.2356,160064.0,1.602722,100000.0,1.5637
2020-07-02,208.2356,164054.2356,163846.0,1.640542,100000.0,1.6027
2020-07-03,208.2356,174058.2356,173850.0,1.740582,100000.0,1.6405
2020-07-06,208.2356,191504.2356,191296.0,1.915042,100000.0,1.7406
2020-07-07,208.2356,189064.2356,188856.0,1.890642,100000.0,1.915
2020-07-08,208.2356,192480.2356,192272.0,1.924802,100000.0,1.8906
2020-07-09,208.2356,189674.2356,189466.0,1.896742,100000.0,1.9248
2020-07-10,208.2356,181500.2356,181292.0,1.815002,100000.0,1.8967
2020-07-13,208.2356,181866.2356,181658.0,1.818662,100000.0,1.815
2020-07-14,208.2356,179304.2356,179096.0,1.793042,100000.0,1.8187
2020-07-15,208.2356,174302.2356,174094.0,1.743022,100000.0,1.793
2020-07-16,208.2356,172838.2356,172630.0,1.728382,100000.0,1.743
2020-07-17,208.2356,172716.2356,172508.0,1.727162,100000.0,1.7284
2020-07-20,208.2356,179914.2356,179706.0,1.799142,100000.0,1.7272
2020-07-21,208.2356,176986.2356,176778.0,1.769862,100000.0,1.7991
2020-07-22,208.2356,176010.2356,175802.0,1.760102,100000.0,1.7699
2020-07-23,208.2356,171130.2356,170922.0,1.711302,100000.0,1.7601
2020-07-24,208.2356,164908.2356,164700.0,1.649082,100000.0,1.7113
2020-07-27,208.2356,161736.2356,161528.0,1.617362,100000.0,1.6491
2020-07-28,208.2356,162956.2356,162748.0,1.629562,100000.0,1.6174
2020-07-29,208.2356,165396.2356,165188.0,1.653962,100000.0,1.6296
2020-07-30,208.2356,163322.2356,163114.0,1.633222,100000.0,1.654
2020-07-31,208.2356,162956.2356,162748.0,1.629562,100000.0,1.6332
2020-08-03,208.2356,166006.2356,165798.0,1.660062,100000.0,1.6296
2020-08-04,208.2356,171496.2356,171288.0,1.714962,100000.0,1.6601
2020-08-05,208.2356,168080.2356,167872.0,1.680802,100000.0,1.715
2020-08-06,208.2356,169788.2356,169580.0,1.697882,100000.0,1.6808
2020-08-07,208.2356,167348.2356,167140.0,1.673482,100000.0,1.6979
2020-08-10,208.2356,170398.2356,170190.0,1.703982,100000.0,1.6735
2020-08-11,208.2356,172594.2356,172386.0,1.725942,100000.0,1.704
2020-08-12,208.2356,175644.2356,175436.0,1.756442,100000.0,1.7259
2020-08-13,208.2356,173204.2356,172996.0,1.732042,100000.0,1.7564
2020-08-14,208.2356,176742.2356,176534.0,1.767422,100000.0,1.732
2020-08-17,208.2356,185526.2356,185318.0,1.855262,100000.0,1.7674
2020-08-18,208.2356,185038.2356,184830.0,1.850382,100000.0,1.8553
2020-08-19,208.2356,184428.2356,184220.0,1.844282,100000.0,1.8504
2020-08-20,208.2356,178206.2356,177998.0,1.782062,100000.0,1.8443
2020-08-21,208.2356,176498.2356,176290.0,1.764982,100000.0,1.7821
2020-08-24,208.2356,176620.2356,176412.0,1.766202,100000.0,1.765
2020-08-25,208.2356,178328.2356,178120.0,1.783282,100000.0,1.7662
2020-08-26,208.2356,175522.2356,175314.0,1.755222,100000.0,1.7833
2020-08-27,176302.694,176302.694,0.0,1.763027,100000.0,1.7552
2020-08-28,654.2876,176162.2876,175508.0,1.761623,100000.0,1.763
2020-08-31,654.2876,175582.2876,174928.0,1.755823,100000.0,1.7616
2020-09-01,654.2876,176278.2876,175624.0,1.762783,100000.0,1.7558
2020-09-02,654.2876,178366.2876,177712.0,1.783663,100000.0,1.7628
2020-09-03,654.2876,173494.2876,172840.0,1.734943,100000.0,1.7837
2020-09-04,654.2876,174190.2876,173536.0,1.741903,100000.0,1.7349
2020-09-07,654.2876,173958.2876,173304.0,1.739583,100000.0,1.7419
2020-09-08,654.2876,179642.2876,178988.0,1.796423,100000.0,1.7396
2020-09-09,654.2876,177090.2876,176436.0,1.770903,100000.0,1.7964
2020-09-10,654.2876,178598.2876,177944.0,1.785983,100000.0,1.7709
2020-09-11,654.2876,174770.2876,174116.0,1.747703,100000.0,1.786
2020-09-14,654.2876,178134.2876,177480.0,1.781343,100000.0,1.7477
2020-09-15,654.2876,178714.2876,178060.0,1.787143,100000.0,1.7813
2020-09-16,654.2876,179758.2876,179104.0,1.797583,100000.0,1.7871
2020-09-17,654.2876,181266.2876,180612.0,1.812663,100000.0,1.7976
2020-09-18,654.2876,187066.2876,186412.0,1.870663,100000.0,1.8127
2020-09-21,654.2876,184630.2876,183976.0,1.846303,100000.0,1.8707
2020-09-22,654.2876,181266.2876,180612.0,1.812663,100000.0,1.8463
2020-09-23,654.2876,181962.2876,181308.0,1.819623,100000.0,1.8127
2020-09-24,654.2876,176046.2876,175392.0,1.760463,100000.0,1.8196
2020-09-25,654.2876,176858.2876,176204.0,1.768583,100000.0,1.7605
2020-09-28,654.2876,178250.2876,177596.0,1.782503,100000.0,1.7686
2020-09-29,654.2876,172334.2876,171680.0,1.723343,100000.0,1.7825
2020-09-30,654.2876,176626.2876,175972.0,1.766263,100000.0,1.7233
2020-10-09,654.2876,176742.2876,176088.0,1.767423,100000.0,1.7663
2020-10-12,654.2876,185094.2876,184440.0,1.850943,100000.0,1.7674
2020-10-13,654.2876,186950.2876,186296.0,1.869503,100000.0,1.8509
2020-10-14,654.2876,186602.2876,185948.0,1.866023,100000.0,1.8695
2020-10-15,654.2876,192750.2876,192096.0,1.927503,100000.0,1.866
2020-10-16,654.2876,199014.2876,198360.0,1.990143,100000.0,1.9275
2020-10-19,654.2876,203422.2876,202768.0,2.034223,100000.0,1.9901
2020-10-20,654.2876,204118.2876,203464.0,2.041183,100000.0,2.0342
2020-10-21,654.2876,208410.2876,207756.0,2.084103,100000.0,2.0412
2020-10-22,654.2876,204350.2876,203696.0,2.043503,100000.0,2.0841
2020-10-23,654.2876,210962.2876,210308.0,2.109623,100000.0,2.0435
2020-10-26,654.2876,205974.2876,205320.0,2.059743,100000.0,2.1096
2020-10-27,654.2876,206670.2876,206016.0,2.066703,100000.0,2.0597
2020-10-28,654.2876,205162.2876,204508.0,2.051623,100000.0,2.0667
2020-10-29,654.2876,206786.2876,206132.0,2.067863,100000.0,2.0516
2020-10-30,654.2876,206554.2876,205900.0,2.065543,100000.0,2.0679
2020-11-02,654.2876,205162.2876,204508.0,2.051623,100000.0,2.0655
2020-11-03,654.2876,208990.2876,208336.0,2.089903,100000.0,2.0516
2020-11-04,654.2876,213166.2876,212512.0,2.131663,100000.0,2.0899
2020-11-05,205604.7116,205604.7116,0.0,2.056047,100000.0,2.1317
2020-11-06,205604.7116,205604.7116,0.0,2.056047,100000.0,2.056
2020-11-09,205604.7116,205604.7116,0.0,2.056047,100000.0,2.056
2020-11-10,205604.7116,205604.7116,0.0,2.056047,100000.0,2.056
2020-11-11,205604.7116,205604.7116,0.0,2.056047,100000.0,2.056
2020-11-12,205604.7116,205604.7116,0.0,2.056047,100000.0,2.056
2020-11-13,205604.7116,205604.7116,0.0,2.056047,100000.0,2.056
2020-11-16,205604.7116,205604.7116,0.0,2.056047,100000.0,2.056
2020-11-17,205604.7116,205604.7116,0.0,2.056047,100000.0,2.056
2020-11-18,534.7868,205440.7868,204906.0,2.054408,100000.0,2.056
2020-11-19,534.7868,209769.7868,209235.0,2.097698,100000.0,2.0544
2020-11-20,534.7868,209880.7868,209346.0,2.098808,100000.0,2.0977
2020-11-23,534.7868,218316.7868,217782.0,2.183168,100000.0,2.0988
2020-11-24,534.7868,215430.7868,214896.0,2.154308,100000.0,2.1832
2020-11-25,534.7868,212100.7868,211566.0,2.121008,100000.0,2.1543
2020-11-26,534.7868,216984.7868,216450.0,2.169848,100000.0,2.121
2020-11-27,534.7868,219204.7868,218670.0,2.192048,100000.0,2.1698
2020-11-30,534.7868,219648.7868,219114.0,2.196488,100000.0,2.192
2020-12-01,534.7868,223089.7868,222555.0,2.230898,100000.0,2.1965
2020-12-02,534.7868,218427.7868,217893.0,2.184278,100000.0,2.2309
2020-12-03,534.7868,217428.7868,216894.0,2.174288,100000.0,2.1843
2020-12-04,534.7868,214764.7868,214230.0,2.147648,100000.0,2.1743
2020-12-07,534.7868,210435.7868,209901.0,2.104358,100000.0,2.1476
2020-12-08,534.7868,208215.7868,207681.0,2.082158,100000.0,2.1044
2020-12-09,534.7868,208215.7868,207681.0,2.082158,100000.0,2.0822
2020-12-10,534.7868,207549.7868,207015.0,2.075498,100000.0,2.0822
2020-12-11,534.7868,206106.7868,205572.0,2.061068,100000.0,2.0755
2020-12-14,534.7868,210102.7868,209568.0,2.101028,100000.0,2.0611
2020-12-15,534.7868,208548.7868,208014.0,2.085488,100000.0,2.101
2020-12-16,534.7868,211545.7868,211011.0,2.115458,100000.0,2.0855
2020-12-17,534.7868,210879.7868,210345.0,2.108798,100000.0,2.1155
2020-12-18,534.7868,204330.7868,203796.0,2.043308,100000.0,2.1088
2020-12-21,534.7868,203442.7868,202908.0,2.034428,100000.0,2.0433
2020-12-22,534.7868,199224.7868,198690.0,1.992248,100000.0,2.0344
2020-12-23,534.7868,200334.7868,199800.0,2.003348,100000.0,1.9922
2020-12-24,534.7868,203220.7868,202686.0,2.032208,100000.0,2.0033
2020-12-25,534.7868,200778.7868,200244.0,2.007788,100000.0,2.0322
2020-12-28,534.7868,209769.7868,209235.0,2.097698,100000.0,2.0078
2020-12-29,534.7868,213321.7868,212787.0,2.133218,100000.0,2.0977
2020-12-30,534.7868,213654.7868,213120.0,2.136548,100000.0,2.1332
2020-12-31,534.7868,215208.7868,214674.0,2.152088,100000.0,2.1365
2021-01-04,534.7868,206994.7868,206460.0,2.069948,100000.0,2.1521
2021-01-05,534.7868,202221.7868,201687.0,2.022218,100000.0,2.0699
2021-01-06,534.7868,217650.7868,217116.0,2.176508,100000.0,2.0222
2021-01-07,534.7868,221424.7868,220890.0,2.214248,100000.0,2.1765
2021-01-08,534.7868,220869.7868,220335.0,2.208698,100000.0,2.2142
2021-01-11,534.7868,226752.7868,226218.0,2.267528,100000.0,2.2087
2021-01-12,534.7868,233634.7868,233100.0,2.336348,100000.0,2.2675
2021-01-13,534.7868,230304.7868,229770.0,2.303048,100000.0,2.3363
2021-01-14,534.7868,224421.7868,223887.0,2.244218,100000.0,2.303
2021-01-15,534.7868,233634.7868,233100.0,2.336348,100000.0,2.2442
2021-01-18,534.7868,252504.7868,251970.0,2.525048,100000.0,2.3363
2021-01-19,534.7868,248508.7868,247974.0,2.485088,100000.0,2.525
2021-01-20,534.7868,249951.7868,249417.0,2.499518,100000.0,2.4851
2021-01-21,534.7868,247287.7868,246753.0,2.472878,100000.0,2.4995
2021-01-22,534.7868,245067.7868,244533.0,2.450678,100000.0,2.4729
2021-01-25,534.7868,250173.7868,249639.0,2.501738,100000.0,2.4507
2021-01-26,534.7868,248841.7868,248307.0,2.488418,100000.0,2.5017
2021-01-27,534.7868,256722.7868,256188.0,2.567228,100000.0,2.4884
2021-01-28,534.7868,253725.7868,253191.0,2.537258,100000.0,2.5672
2021-01-29,534.7868,256833.7868,256299.0,2.568338,100000.0,2.5373
2021-02-01,534.7868,273039.7868,272505.0,2.730398,100000.0,2.5683
2021-02-02,534.7868,258942.7868,258408.0,2.589428,100000.0,2.7304
2021-02-03,534.7868,277479.7868,276945.0,2.774798,100000.0,2.5894
2021-02-04,534.7868,273594.7868,273060.0,2.735948,100000.0,2.7748
2021-02-05,534.7868,277257.7868,276723.0,2.772578,100000.0,2.7359
2021-02-08,534.7868,275814.7868,275280.0,2.758148,100000.0,2.7726
2021-02-09,534.7868,273372.7868,272838.0,2.733728,100000.0,2.7581
2021-02-10,264460.8632,264460.8632,0.0,2.644609,100000.0,2.7337
2021-02-18,264460.8632,264460.8632,0.0,2.644609,100000.0,2.6446
2021-02-19,264460.8632,264460.8632,0.0,2.644609,100000.0,2.6446
2021-02-22,264460.8632,264460.8632,0.0,2.644609,100000.0,2.6446
2021-02-23,264460.8632,264460.8632,0.0,2.644609,100000.0,2.6446
2021-02-24,264460.8632,264460.8632,0.0,2.644609,100000.0,2.6446
2021-02-25,264460.8632,264460.8632,0.0,2.644609,100000.0,2.6446
2021-02-26,264460.8632,264460.8632,0.0,2.644609,100000.0,2.6446
2021-03-01,264460.8632,264460.8632,0.0,2.644609,100000.0,2.6446
2021-03-02,264460.8632,264460.8632,0.0,2.644609,100000.0,2.6446
2021-03-03,264460.8632,264460.8632,0.0,2.644609,100000.0,2.6446
2021-03-04,264460.8632,264460.8632,0.0,2.644609,100000.0,2.6446
2021-03-05,264460.8632,264460.8632,0.0,2.644609,100000.0,2.6446
2021-03-08,264460.8632,264460.8632,0.0,2.644609,100000.0,2.6446
2021-03-09,264460.8632,264460.8632,0.0,2.644609,100000.0,2.6446
2021-03-10,264460.8632,264460.8632,0.0,2.644609,100000.0,2.6446
2021-03-11,264460.8632,264460.8632,0.0,2.644609,100000.0,2.6446
2021-03-12,264460.8632,264460.8632,0.0,2.644609,100000.0,2.6446
2021-03-15,264460.8632,264460.8632,0.0,2.644609,100000.0,2.6446
2021-03-16,264460.8632,264460.8632,0.0,2.644609,100000.0,2.6446
2021-03-17,264460.8632,264460.8632,0.0,2.644609,100000.0,2.6446
2021-03-18,264460.8632,264460.8632,0.0,2.644609,100000.0,2.6446
2021-03-19,264460.8632,264460.8632,0.0,2.644609,100000.0,2.6446
2021-03-22,264460.8632,264460.8632,0.0,2.644609,100000.0,2.6446
2021-03-23,264460.8632,264460.8632,0.0,2.644609,100000.0,2.6446
2021-03-24,264460.8632,264460.8632,0.0,2.644609,100000.0,2.6446
2021-03-25,264460.8632,264460.8632,0.0,2.644609,100000.0,2.6446
2021-03-26,264460.8632,264460.8632,0.0,2.644609,100000.0,2.6446
2021-03-29,2073.1208,264251.1208,262178.0,2.642511,100000.0,2.6446
2021-03-30,2073.1208,269619.1208,267546.0,2.696191,100000.0,2.6425
2021-03-31,2073.1208,270595.1208,268522.0,2.705951,100000.0,2.6962
2021-04-01,2073.1208,267789.1208,265716.0,2.677891,100000.0,2.706
2021-04-02,2073.1208,264373.1208,262300.0,2.643731,100000.0,2.6779
2021-04-06,2073.1208,266569.1208,264496.0,2.665691,100000.0,2.6437
2021-04-07,2073.1208,266081.1208,264008.0,2.660811,100000.0,2.6657
2021-04-08,2073.1208,265105.1208,263032.0,2.651051,100000.0,2.6608
2021-04-09,2073.1208,261933.1208,259860.0,2.619331,100000.0,2.6511
2021-04-12,2073.1208,254613.1208,252540.0,2.546131,100000.0,2.6193
2021-04-13,2073.1208,255589.1208,253516.0,2.555891,100000.0,2.5461
2021-04-14,2073.1208,254247.1208,252174.0,2.542471,100000.0,2.5559
2021-04-15,2073.1208,250465.1208,248392.0,2.504651,100000.0,2.5425
2021-04-16,2073.1208,249245.1208,247172.0,2.492451,100000.0,2.5047
2021-04-19,2073.1208,260103.1208,258030.0,2.601031,100000.0,2.4925
2021-04-20,2073.1208,266691.1208,264618.0,2.666911,100000.0,2.601
2021-04-21,2073.1208,282795.1208,280722.0,2.827951,100000.0,2.6669
2021-04-22,2073.1208,282429.1208,280356.0,2.824291,100000.0,2.828
2021-04-23,2073.1208,286211.1208,284138.0,2.862111,100000.0,2.8243
2021-04-26,2073.1208,281941.1208,279868.0,2.819411,100000.0,2.8621
2021-04-27,2073.1208,281941.1208,279868.0,2.819411,100000.0,2.8194
2021-04-28,2073.1208,286943.1208,284870.0,2.869431,100000.0,2.8194
2021-04-29,2073.1208,289871.1208,287798.0,2.898711,100000.0,2.8694
2021-04-30,2073.1208,286211.1208,284138.0,2.862111,100000.0,2.8987
2021-05-06,2073.1208,288773.1208,286700.0,2.887731,100000.0,2.8621
2021-05-07,2073.1208,295483.1208,293410.0,2.954831,100000.0,2.8877
2021-05-10,2073.1208,293165.1208,291092.0,2.931651,100000.0,2.9548
2021-05-11,2073.1208,289139.1208,287066.0,2.891391,100000.0,2.9317
2021-05-12,2073.1208,289383.1208,287310.0,2.893831,100000.0,2.8914
2021-05-13,2073.1208,283527.1208,281454.0,2.835271,100000.0,2.8938
2021-05-14,4269.1208,288773.1208,284504.0,2.887731,100000.0,2.8353
2021-05-17,4269.1208,292189.1208,287920.0,2.921891,100000.0,2.8877
2021-05-18,4269.1208,295849.1208,291580.0,2.958491,100000.0,2.9219
2021-05-19,4269.1208,292189.1208,287920.0,2.921891,100000.0,2.9585
2021-05-20,4269.1208,294873.1208,290604.0,2.948731,100000.0,2.9219
2021-05-21,290331.2804,290331.2804,0.0,2.903313,100000.0,2.9487
2021-05-24,290331.2804,290331.2804,0.0,2.903313,100000.0,2.9033
2021-05-25,2281.0244,290101.0244,287820.0,2.90101,100000.0,2.9033
2021-05-26,2281.0244,294898.0244,292617.0,2.94898,100000.0,2.901
2021-05-27,2281.0244,292324.0244,290043.0,2.92324,100000.0,2.949
2021-05-28,2281.0244,288931.0244,286650.0,2.88931,100000.0,2.9232
2021-05-31,2281.0244,285421.0244,283140.0,2.85421,100000.0,2.8893
2021-06-01,2281.0244,282145.0244,279864.0,2.82145,100000.0,2.8542
