date,order_book_id,symbol,quantity,last_price,avg_price,market_value
2017-06-21,000001.XSHE,平安银行,10900.0,9.15,9.15,99735.0
2017-06-22,000001.XSHE,平安银行,10900.0,9.25,9.15,100825.0
2017-06-23,000001.XSHE,平安银行,10900.0,9.25,9.15,100825.0
2017-06-26,000001.XSHE,平安银行,10900.0,9.3,9.15,101370.0
2017-06-27,000001.XSHE,平安银行,10900.0,9.36,9.15,102024.0
2017-06-28,000001.XSHE,平安银行,10900.0,9.43,9.15,102787.0
2017-06-29,000001.XSHE,平安银行,10900.0,9.43,9.15,102787.0
2017-06-30,000001.XSHE,平安银行,10900.0,9.39,9.15,102351.0
2017-07-03,000001.XSHE,平安银行,10900.0,9.4,9.15,102460.0
2017-07-04,000001.XSHE,平安银行,10900.0,9.34,9.15,101806.0
2017-07-05,000001.XSHE,平安银行,10900.0,9.37,9.15,102133.0
2017-07-06,000001.XSHE,平安银行,10900.0,9.4,9.15,102460.0
2017-07-07,000001.XSHE,平安银行,10900.0,9.47,9.15,103223.0
2017-07-10,000001.XSHE,平安银行,10900.0,9.59,9.15,104531.0
2017-07-11,000001.XSHE,平安银行,10900.0,10.25,9.15,111725.0
2017-07-12,000001.XSHE,平安银行,10900.0,10.34,9.15,112706.0
2017-07-13,000001.XSHE,平安银行,10900.0,10.9,9.15,118810.0
2017-07-14,000001.XSHE,平安银行,10900.0,10.9,9.15,118810.0
2017-07-17,000001.XSHE,平安银行,10900.0,10.81,9.15,117829.0
2017-07-18,000001.XSHE,平安银行,10900.0,11.05,9.15,120445.0
2017-07-19,000001.XSHE,平安银行,10900.0,11.09,9.15,120881.0
2017-07-20,000001.XSHE,平安银行,10900.0,10.97,9.15,119573.0
2017-07-21,000001.XSHE,平安银行,10900.0,10.89,8.992,118701.0
2017-07-24,000001.XSHE,平安银行,10900.0,10.95,8.992,119355.0
2017-07-25,000001.XSHE,平安银行,10900.0,11.0,8.992,119900.0
2017-07-26,000001.XSHE,平安银行,10900.0,10.74,8.992,117066.0
2017-07-27,000001.XSHE,平安银行,10900.0,10.59,8.992,115431.0
2017-08-02,000001.XSHE,平安银行,10600.0,11.15,11.15,118190.0
2017-08-03,000001.XSHE,平安银行,10600.0,11.01,11.15,116706.0
2017-08-04,000001.XSHE,平安银行,10600.0,11.17,11.15,118402.0
2017-08-07,000001.XSHE,平安银行,10600.0,11.0,11.15,116600.0
2017-08-08,000001.XSHE,平安银行,10600.0,11.05,11.15,117130.0
2017-08-09,000001.XSHE,平安银行,10600.0,10.73,11.15,113738.0
2017-08-10,000001.XSHE,平安银行,10600.0,10.62,11.15,112572.0
2017-08-11,000001.XSHE,平安银行,10600.0,10.02,11.15,106212.0
2017-08-14,000001.XSHE,平安银行,10600.0,10.22,11.15,108332.0
2017-08-15,000001.XSHE,平安银行,10600.0,10.31,11.15,109286.0
2017-08-16,000001.XSHE,平安银行,10600.0,10.34,11.15,109604.0
2017-08-17,000001.XSHE,平安银行,10600.0,10.42,11.15,110452.0
2017-08-18,000001.XSHE,平安银行,10600.0,10.44,11.15,110664.0
2017-08-21,000001.XSHE,平安银行,10600.0,10.46,11.15,110876.0
2017-08-22,000001.XSHE,平安银行,10600.0,10.65,11.15,112890.0
2017-08-23,000001.XSHE,平安银行,10600.0,10.9,11.15,115540.0
2017-08-24,000001.XSHE,平安银行,10600.0,10.93,11.15,115858.0
2017-08-25,000001.XSHE,平安银行,10600.0,11.11,11.15,117766.0
2017-08-28,000001.XSHE,平安银行,10600.0,11.35,11.15,120310.0
2017-08-29,000001.XSHE,平安银行,10600.0,11.67,11.15,123702.0
2017-08-30,000001.XSHE,平安银行,10600.0,11.43,11.15,121158.0
2017-08-31,000001.XSHE,平安银行,10600.0,11.28,11.15,119568.0
2017-09-01,000001.XSHE,平安银行,10600.0,11.21,11.15,118826.0
2017-09-04,000001.XSHE,平安银行,10600.0,11.72,11.15,124232.0
2017-09-05,000001.XSHE,平安银行,10600.0,11.64,11.15,123384.0
2017-09-06,000001.XSHE,平安银行,10600.0,11.7,11.15,124020.0
2017-09-07,000001.XSHE,平安银行,10600.0,11.44,11.15,121264.0
2017-09-08,000001.XSHE,平安银行,10600.0,11.49,11.15,121794.0
2017-09-11,000001.XSHE,平安银行,10600.0,11.38,11.15,120628.0
2017-09-12,000001.XSHE,平安银行,10600.0,11.54,11.15,122324.0
2017-09-13,000001.XSHE,平安银行,10600.0,11.43,11.15,121158.0
2017-09-14,000001.XSHE,平安银行,10600.0,11.32,11.15,119992.0
2017-09-15,000001.XSHE,平安银行,10600.0,11.29,11.15,119674.0
2017-09-18,000001.XSHE,平安银行,10600.0,11.25,11.15,119250.0
2017-09-19,000001.XSHE,平安银行,10600.0,11.13,11.15,117978.0
2017-09-20,000001.XSHE,平安银行,10600.0,11.29,11.15,119674.0
2017-09-21,000001.XSHE,平安银行,10600.0,11.46,11.15,121476.0
2017-09-22,000001.XSHE,平安银行,10600.0,11.44,11.15,121264.0
2017-09-25,000001.XSHE,平安银行,10600.0,11.29,11.15,119674.0
2017-09-26,000001.XSHE,平安银行,10600.0,11.05,11.15,117130.0
2017-09-27,000001.XSHE,平安银行,10600.0,10.93,11.15,115858.0
2017-09-28,000001.XSHE,平安银行,10600.0,10.88,11.15,115328.0
2017-09-29,000001.XSHE,平安银行,10600.0,11.11,11.15,117766.0
2017-10-09,000001.XSHE,平安银行,10600.0,11.3,11.15,119780.0
2017-10-10,000001.XSHE,平安银行,10600.0,11.47,11.15,121582.0
2017-10-11,000001.XSHE,平安银行,10600.0,11.53,11.15,122218.0
2017-10-12,000001.XSHE,平安银行,10600.0,11.55,11.15,122430.0
2017-10-13,000001.XSHE,平安银行,10600.0,11.36,11.15,120416.0
2017-10-16,000001.XSHE,平安银行,10600.0,11.59,11.15,122854.0
2017-10-17,000001.XSHE,平安银行,10600.0,11.51,11.15,122006.0
2017-10-18,000001.XSHE,平安银行,10600.0,11.69,11.15,123914.0
2017-10-19,000001.XSHE,平安银行,10600.0,11.63,11.15,123278.0
2017-10-20,000001.XSHE,平安银行,10600.0,11.48,11.15,121688.0
2017-10-23,000001.XSHE,平安银行,10600.0,11.19,11.15,118614.0
2017-10-24,000001.XSHE,平安银行,10600.0,11.39,11.15,120734.0
2017-10-25,000001.XSHE,平安银行,10600.0,11.27,11.15,119462.0
2017-10-26,000001.XSHE,平安银行,10600.0,11.18,11.15,118508.0
2017-10-27,000001.XSHE,平安银行,10600.0,11.56,11.15,122536.0
2017-10-30,000001.XSHE,平安银行,10600.0,11.56,11.15,122536.0
2017-10-31,000001.XSHE,平安银行,10600.0,11.54,11.15,122324.0
2017-11-01,000001.XSHE,平安银行,10600.0,11.4,11.15,120840.0
2017-11-02,000001.XSHE,平安银行,10600.0,11.54,11.15,122324.0
2017-11-03,000001.XSHE,平安银行,10600.0,11.39,11.15,120734.0
2017-11-06,000001.XSHE,平安银行,10600.0,11.28,11.15,119568.0
2017-11-07,000001.XSHE,平安银行,10600.0,11.92,11.15,126352.0
2017-11-08,000001.XSHE,平安银行,10600.0,12.13,11.15,128578.0
2017-11-09,000001.XSHE,平安银行,10600.0,12.33,11.15,130698.0
2017-11-10,000001.XSHE,平安银行,10600.0,12.3,11.15,130380.0
2017-11-13,000001.XSHE,平安银行,10600.0,12.9,11.15,136740.0
2017-11-14,000001.XSHE,平安银行,10600.0,12.95,11.15,137270.0
2017-11-15,000001.XSHE,平安银行,10600.0,12.9,11.15,136740.0
2017-11-16,000001.XSHE,平安银行,10600.0,13.1,11.15,138860.0
2017-11-17,000001.XSHE,平安银行,10600.0,13.18,11.15,139708.0
2017-11-20,000001.XSHE,平安银行,10600.0,14.25,11.15,151050.0
2017-11-21,000001.XSHE,平安银行,10600.0,14.45,11.15,153170.0
2017-11-22,000001.XSHE,平安银行,10600.0,15.1,11.15,160060.0
2017-11-23,000001.XSHE,平安银行,10600.0,14.35,11.15,152110.0
2017-11-24,000001.XSHE,平安银行,10600.0,14.56,11.15,154336.0
2017-11-27,000001.XSHE,平安银行,10600.0,13.93,11.15,147658.0
2017-11-28,000001.XSHE,平安银行,10600.0,13.7,11.15,145220.0
2017-11-29,000001.XSHE,平安银行,10600.0,13.82,11.15,146492.0
2017-12-27,000001.XSHE,平安银行,10600.0,13.29,13.29,140874.0
2017-12-28,000001.XSHE,平安银行,10600.0,13.21,13.29,140026.0
2017-12-29,000001.XSHE,平安银行,10600.0,13.3,13.29,140980.0
2018-01-02,000001.XSHE,平安银行,10600.0,13.7,13.29,145220.0
2018-01-03,000001.XSHE,平安银行,10600.0,13.33,13.29,141298.0
2018-01-04,000001.XSHE,平安银行,10600.0,13.25,13.29,140450.0
2018-01-05,000001.XSHE,平安银行,10600.0,13.3,13.29,140980.0
2018-01-08,000001.XSHE,平安银行,10600.0,12.96,13.29,137376.0
2018-01-09,000001.XSHE,平安银行,10600.0,13.08,13.29,138648.0
2018-01-10,000001.XSHE,平安银行,10600.0,13.47,13.29,142782.0
2018-01-11,000001.XSHE,平安银行,10600.0,13.4,13.29,142040.0
2018-01-12,000001.XSHE,平安银行,10600.0,13.55,13.29,143630.0
2018-01-15,000001.XSHE,平安银行,10600.0,14.2,13.29,150520.0
2018-01-16,000001.XSHE,平安银行,10600.0,14.2,13.29,150520.0
2018-01-17,000001.XSHE,平安银行,10600.0,14.23,13.29,150838.0
2018-01-18,000001.XSHE,平安银行,10600.0,14.72,13.29,156032.0
2018-01-19,000001.XSHE,平安银行,10600.0,14.8,13.29,156880.0
2018-01-22,000001.XSHE,平安银行,10600.0,14.44,13.29,153064.0
2018-01-23,000001.XSHE,平安银行,10600.0,14.65,13.29,155290.0
2018-01-24,000001.XSHE,平安银行,10600.0,14.64,13.29,155184.0
2018-01-25,000001.XSHE,平安银行,10600.0,14.2,13.29,150520.0
2018-01-26,000001.XSHE,平安银行,10600.0,14.05,13.29,148930.0
2018-01-29,000001.XSHE,平安银行,10600.0,13.74,13.29,145644.0
2018-01-30,000001.XSHE,平安银行,10600.0,13.65,13.29,144690.0
2018-01-31,000001.XSHE,平安银行,10600.0,14.05,13.29,148930.0
2018-02-01,000001.XSHE,平安银行,10600.0,14.03,13.29,148718.0
2018-02-02,000001.XSHE,平安银行,10600.0,14.05,13.29,148930.0
2018-02-05,000001.XSHE,平安银行,10600.0,14.55,13.29,154230.0
2018-02-06,000001.XSHE,平安银行,10600.0,14.0,13.29,148400.0
2018-02-07,000001.XSHE,平安银行,10600.0,12.92,13.29,136952.0
2018-02-08,000001.XSHE,平安银行,10600.0,12.54,13.29,132924.0
2018-02-09,000001.XSHE,平安银行,10600.0,11.69,13.29,123914.0
2018-02-12,000001.XSHE,平安银行,10600.0,11.72,13.29,124232.0
2018-02-13,000001.XSHE,平安银行,10600.0,11.94,13.29,126564.0
2018-02-14,000001.XSHE,平安银行,10600.0,12.0,13.29,127200.0
2018-02-22,000001.XSHE,平安银行,10600.0,12.46,13.29,132076.0
2018-02-23,000001.XSHE,平安银行,10600.0,12.61,13.29,133666.0
2018-02-26,000001.XSHE,平安银行,10600.0,12.63,13.29,133878.0
2018-02-27,000001.XSHE,平安银行,10600.0,12.28,13.29,130168.0
2018-02-28,000001.XSHE,平安银行,10600.0,12.05,13.29,127730.0
2018-03-01,000001.XSHE,平安银行,10600.0,12.04,13.29,127624.0
2018-03-02,000001.XSHE,平安银行,10600.0,11.95,13.29,126670.0
2018-03-05,000001.XSHE,平安银行,10600.0,11.86,13.29,125716.0
2018-03-06,000001.XSHE,平安银行,10600.0,12.1,13.29,128260.0
2018-03-07,000001.XSHE,平安银行,10600.0,12.05,13.29,127730.0
2018-03-08,000001.XSHE,平安银行,10600.0,12.11,13.29,128366.0
2018-03-09,000001.XSHE,平安银行,10600.0,12.09,13.29,128154.0
2018-03-12,000001.XSHE,平安银行,10600.0,12.03,13.29,127518.0
2018-03-13,000001.XSHE,平安银行,10600.0,12.02,13.29,127412.0
2018-03-14,000001.XSHE,平安银行,10600.0,11.92,13.29,126352.0
2018-03-15,000001.XSHE,平安银行,10600.0,11.71,13.29,124126.0
2018-03-16,000001.XSHE,平安银行,10600.0,11.64,13.29,123384.0
2018-03-19,000001.XSHE,平安银行,10600.0,11.83,13.29,125398.0
2018-03-20,000001.XSHE,平安银行,10600.0,11.82,13.29,125292.0
2018-03-21,000001.XSHE,平安银行,10600.0,11.9,13.29,126140.0
2018-03-22,000001.XSHE,平安银行,10600.0,11.66,13.29,123596.0
2018-03-23,000001.XSHE,平安银行,10600.0,11.34,13.29,120204.0
2018-04-10,000001.XSHE,平安银行,10200.0,11.42,11.42,116484.0
2018-04-11,000001.XSHE,平安银行,10200.0,11.83,11.42,120666.0
2018-04-12,000001.XSHE,平安银行,10200.0,11.52,11.42,117504.0
2018-04-13,000001.XSHE,平安银行,10200.0,11.57,11.42,118014.0
2018-04-16,000001.XSHE,平安银行,10200.0,11.1,11.42,113220.0
2018-04-17,000001.XSHE,平安银行,10200.0,11.21,11.42,114342.0
2018-04-18,000001.XSHE,平安银行,10200.0,11.5,11.42,117300.0
2018-04-19,000001.XSHE,平安银行,10200.0,11.47,11.42,116994.0
2018-04-20,000001.XSHE,平安银行,10200.0,11.35,11.42,115770.0
2018-04-23,000001.XSHE,平安银行,10200.0,11.57,11.42,118014.0
2018-04-24,000001.XSHE,平安银行,10200.0,11.86,11.42,120972.0
2018-04-25,000001.XSHE,平安银行,10200.0,11.68,11.42,119136.0
2018-04-26,000001.XSHE,平安银行,10200.0,11.42,11.42,116484.0
2018-04-27,000001.XSHE,平安银行,10200.0,10.85,11.42,110670.0
2018-05-02,000001.XSHE,平安银行,10200.0,10.88,11.42,110976.0
2018-05-03,000001.XSHE,平安银行,10200.0,10.75,11.42,109650.0
2018-05-04,000001.XSHE,平安银行,10200.0,10.68,11.42,108936.0
2018-05-07,000001.XSHE,平安银行,10200.0,10.81,11.42,110262.0
2018-05-08,000001.XSHE,平安银行,10200.0,11.01,11.42,112302.0
2018-05-09,000001.XSHE,平安银行,10200.0,10.97,11.42,111894.0
2018-05-10,000001.XSHE,平安银行,10200.0,11.01,11.42,112302.0
2018-05-11,000001.XSHE,平安银行,10200.0,11.01,11.42,112302.0
2018-05-14,000001.XSHE,平安银行,10200.0,11.18,11.42,114036.0
2018-05-15,000001.XSHE,平安银行,10200.0,11.12,11.42,113424.0
2018-05-16,000001.XSHE,平安银行,10200.0,10.9,11.42,111180.0
2018-05-17,000001.XSHE,平安银行,10200.0,10.82,11.42,110364.0
2018-05-18,000001.XSHE,平安银行,10200.0,10.96,11.42,111792.0
2018-05-21,000001.XSHE,平安银行,10200.0,10.95,11.42,111690.0
2018-05-22,000001.XSHE,平安银行,10200.0,10.86,11.42,110772.0
2018-07-20,000001.XSHE,平安银行,11900.0,9.11,9.11,108409.0
2018-07-23,000001.XSHE,平安银行,11900.0,9.42,9.11,112098.0
2018-07-24,000001.XSHE,平安银行,11900.0,9.4,9.11,111860.0
2018-07-25,000001.XSHE,平安银行,11900.0,9.38,9.11,111622.0
2018-07-26,000001.XSHE,平安银行,11900.0,9.25,9.11,110075.0
2018-07-27,000001.XSHE,平安银行,11900.0,9.25,9.11,110075.0
2018-07-30,000001.XSHE,平安银行,11900.0,9.39,9.11,111741.0
2018-07-31,000001.XSHE,平安银行,11900.0,9.42,9.11,112098.0
2018-08-01,000001.XSHE,平安银行,11900.0,9.15,9.11,108885.0
2018-08-02,000001.XSHE,平安银行,11900.0,8.94,9.11,106386.0
2018-08-03,000001.XSHE,平安银行,11900.0,8.91,9.11,106029.0
2018-08-06,000001.XSHE,平安银行,11900.0,8.94,9.11,106386.0
2018-08-07,000001.XSHE,平安银行,11900.0,9.17,9.11,109123.0
2018-08-08,000001.XSHE,平安银行,11900.0,9.05,9.11,107695.0
2018-08-09,000001.XSHE,平安银行,11900.0,9.29,9.11,110551.0
2018-08-10,000001.XSHE,平安银行,11900.0,9.23,9.11,109837.0
2018-08-13,000001.XSHE,平安银行,11900.0,9.05,9.11,107695.0
2018-08-14,000001.XSHE,平安银行,11900.0,9.0,9.11,107100.0
2018-08-15,000001.XSHE,平安银行,11900.0,8.79,9.11,104601.0
2018-08-16,000001.XSHE,平安银行,11900.0,8.78,9.11,104482.0
2018-08-17,000001.XSHE,平安银行,11900.0,8.81,9.11,104839.0
2018-08-20,000001.XSHE,平安银行,11900.0,9.0,9.11,107100.0
2018-08-21,000001.XSHE,平安银行,11900.0,9.23,9.11,109837.0
2018-08-22,000001.XSHE,平安银行,11900.0,9.29,9.11,110551.0
2018-08-23,000001.XSHE,平安银行,11900.0,9.36,9.11,111384.0
2018-08-24,000001.XSHE,平安银行,11900.0,10.03,9.11,119357.0
2018-08-27,000001.XSHE,平安银行,11900.0,10.43,9.11,124117.0
2018-08-28,000001.XSHE,平安银行,11900.0,10.29,9.11,122451.0
2018-08-29,000001.XSHE,平安银行,11900.0,10.27,9.11,122213.0
2018-08-30,000001.XSHE,平安银行,11900.0,10.12,9.11,120428.0
2018-08-31,000001.XSHE,平安银行,11900.0,10.13,9.11,120547.0
2018-09-03,000001.XSHE,平安银行,11900.0,10.19,9.11,121261.0
2018-09-04,000001.XSHE,平安银行,11900.0,10.43,9.11,124117.0
2018-09-05,000001.XSHE,平安银行,11900.0,10.05,9.11,119595.0
2018-09-06,000001.XSHE,平安银行,11900.0,9.97,9.11,118643.0
2018-09-07,000001.XSHE,平安银行,11900.0,10.01,9.11,119119.0
2018-09-18,000001.XSHE,平安银行,11600.0,10.08,10.08,116928.0
2018-09-19,000001.XSHE,平安银行,11600.0,10.24,10.08,118784.0
2018-09-20,000001.XSHE,平安银行,11600.0,10.23,10.08,118668.0
2018-09-21,000001.XSHE,平安银行,11600.0,10.67,10.08,123772.0
2018-09-25,000001.XSHE,平安银行,11600.0,10.55,10.08,122380.0
2018-09-26,000001.XSHE,平安银行,11600.0,10.71,10.08,124236.0
2018-09-27,000001.XSHE,平安银行,11600.0,10.74,10.08,124584.0
2018-09-28,000001.XSHE,平安银行,11600.0,11.05,10.08,128180.0
2018-10-08,000001.XSHE,平安银行,11600.0,10.45,10.08,121220.0
2018-10-09,000001.XSHE,平安银行,11600.0,10.56,10.08,122496.0
2018-10-10,000001.XSHE,平安银行,11600.0,10.45,10.08,121220.0
2018-10-11,000001.XSHE,平安银行,11600.0,9.86,10.08,114376.0
2018-10-12,000001.XSHE,平安银行,11600.0,10.3,10.08,119480.0
2018-10-15,000001.XSHE,平安银行,11600.0,10.11,10.08,117276.0
2018-10-16,000001.XSHE,平安银行,11600.0,10.37,10.08,120292.0
2018-10-17,000001.XSHE,平安银行,11600.0,10.33,10.08,119828.0
2018-10-18,000001.XSHE,平安银行,11600.0,10.09,10.08,117044.0
2018-10-19,000001.XSHE,平安银行,11600.0,10.76,10.08,124816.0
2018-10-22,000001.XSHE,平安银行,11600.0,11.15,10.08,129340.0
2018-10-23,000001.XSHE,平安银行,11600.0,10.84,10.08,125744.0
2018-10-24,000001.XSHE,平安银行,11600.0,11.04,10.08,128064.0
2018-10-25,000001.XSHE,平安银行,11600.0,11.29,10.08,130964.0
2018-10-26,000001.XSHE,平安银行,11600.0,11.18,10.08,129688.0
2018-10-29,000001.XSHE,平安银行,11600.0,10.75,10.08,124700.0
2018-10-30,000001.XSHE,平安银行,11600.0,10.9,10.08,126440.0
2018-10-31,000001.XSHE,平安银行,11600.0,10.91,10.08,126556.0
2019-01-09,000001.XSHE,平安银行,12600.0,9.94,9.94,125244.0
2019-01-10,000001.XSHE,平安银行,12600.0,10.1,9.94,127260.0
2019-01-11,000001.XSHE,平安银行,12600.0,10.2,9.94,128520.0
2019-01-14,000001.XSHE,平安银行,12600.0,10.11,9.94,127386.0
2019-01-15,000001.XSHE,平安银行,12600.0,10.24,9.94,129024.0
2019-01-16,000001.XSHE,平安银行,12600.0,10.48,9.94,132048.0
2019-01-17,000001.XSHE,平安银行,12600.0,10.25,9.94,129150.0
2019-01-18,000001.XSHE,平安银行,12600.0,10.43,9.94,131418.0
2019-01-21,000001.XSHE,平安银行,12600.0,10.34,9.94,130284.0
2019-01-22,000001.XSHE,平安银行,12600.0,10.28,9.94,129528.0
2019-01-23,000001.XSHE,平安银行,12600.0,10.35,9.94,130410.0
2019-01-24,000001.XSHE,平安银行,12600.0,10.52,9.94,132552.0
2019-01-25,000001.XSHE,平安银行,12600.0,11.0,9.94,138600.0
2019-01-28,000001.XSHE,平安银行,12600.0,10.94,9.94,137844.0
2019-01-29,000001.XSHE,平安银行,12600.0,11.0,9.94,138600.0
2019-01-30,000001.XSHE,平安银行,12600.0,10.95,9.94,137970.0
2019-01-31,000001.XSHE,平安银行,12600.0,11.1,9.94,139860.0
2019-02-01,000001.XSHE,平安银行,12600.0,11.2,9.94,141120.0
2019-02-11,000001.XSHE,平安银行,12600.0,11.21,9.94,141246.0
2019-02-12,000001.XSHE,平安银行,12600.0,11.19,9.94,140994.0
2019-02-13,000001.XSHE,平安银行,12600.0,11.38,9.94,143388.0
2019-02-14,000001.XSHE,平安银行,12600.0,11.25,9.94,141750.0
2019-02-15,000001.XSHE,平安银行,12600.0,10.95,9.94,137970.0
2019-02-18,000001.XSHE,平安银行,12600.0,11.36,9.94,143136.0
2019-02-19,000001.XSHE,平安银行,12600.0,11.27,9.94,142002.0
2019-02-20,000001.XSHE,平安银行,12600.0,11.41,9.94,143766.0
2019-02-21,000001.XSHE,平安银行,12600.0,11.36,9.94,143136.0
2019-02-22,000001.XSHE,平安银行,12600.0,11.54,9.94,145404.0
2019-02-25,000001.XSHE,平安银行,12600.0,12.55,9.94,158130.0
2019-02-26,000001.XSHE,平安银行,12600.0,12.2,9.94,153720.0
2019-02-27,000001.XSHE,平安银行,12600.0,12.4,9.94,156240.0
2019-02-28,000001.XSHE,平安银行,12600.0,12.36,9.94,155736.0
2019-03-01,000001.XSHE,平安银行,12600.0,12.76,9.94,160776.0
2019-03-04,000001.XSHE,平安银行,12600.0,12.99,9.94,163674.0
2019-03-05,000001.XSHE,平安银行,12600.0,13.06,9.94,164556.0
2019-03-06,000001.XSHE,平安银行,12600.0,13.08,9.94,164808.0
2019-03-07,000001.XSHE,平安银行,12600.0,12.74,9.94,160524.0
2019-03-08,000001.XSHE,平安银行,12600.0,12.3,9.94,154980.0
2019-03-18,000001.XSHE,平安银行,12000.0,12.91,12.91,154920.0
2019-03-19,000001.XSHE,平安银行,12000.0,12.79,12.91,153480.0
2019-03-20,000001.XSHE,平安银行,12000.0,12.75,12.91,153000.0
2019-03-21,000001.XSHE,平安银行,12000.0,12.69,12.91,152280.0
2019-03-22,000001.XSHE,平安银行,12000.0,12.59,12.91,151080.0
2019-03-25,000001.XSHE,平安银行,12000.0,12.11,12.91,145320.0
2019-03-26,000001.XSHE,平安银行,12000.0,12.1,12.91,145200.0
2019-03-27,000001.XSHE,平安银行,12000.0,12.38,12.91,148560.0
2019-03-28,000001.XSHE,平安银行,12000.0,12.22,12.91,146640.0
2019-03-29,000001.XSHE,平安银行,12000.0,12.82,12.91,153840.0
2019-04-01,000001.XSHE,平安银行,12000.0,13.18,12.91,158160.0
2019-04-02,000001.XSHE,平安银行,12000.0,13.36,12.91,160320.0
2019-04-03,000001.XSHE,平安银行,12000.0,13.44,12.91,161280.0
2019-04-04,000001.XSHE,平安银行,12000.0,13.86,12.91,166320.0
2019-04-08,000001.XSHE,平安银行,12000.0,13.96,12.91,167520.0
2019-04-09,000001.XSHE,平安银行,12000.0,13.81,12.91,165720.0
2019-04-10,000001.XSHE,平安银行,12000.0,13.73,12.91,164760.0
2019-04-11,000001.XSHE,平安银行,12000.0,13.54,12.91,162480.0
2019-04-12,000001.XSHE,平安银行,12000.0,13.42,12.91,161040.0
2019-04-15,000001.XSHE,平安银行,12000.0,13.69,12.91,164280.0
2019-04-16,000001.XSHE,平安银行,12000.0,14.58,12.91,174960.0
2019-04-17,000001.XSHE,平安银行,12000.0,14.35,12.91,172200.0
2019-04-18,000001.XSHE,平安银行,12000.0,14.34,12.91,172080.0
2019-04-19,000001.XSHE,平安银行,12000.0,14.73,12.91,176760.0
2019-04-22,000001.XSHE,平安银行,12000.0,14.15,12.91,169800.0
2019-04-23,000001.XSHE,平安银行,12000.0,14.07,12.91,168840.0
2019-04-24,000001.XSHE,平安银行,12000.0,14.44,12.91,173280.0
2019-06-11,000001.XSHE,平安银行,13300.0,12.65,12.65,168245.0
2019-06-12,000001.XSHE,平安银行,13300.0,12.57,12.65,167181.0
2019-06-13,000001.XSHE,平安银行,13300.0,12.59,12.65,167447.0
2019-06-14,000001.XSHE,平安银行,13300.0,12.49,12.65,166117.0
2019-06-17,000001.XSHE,平安银行,13300.0,12.67,12.65,168511.0
2019-06-18,000001.XSHE,平安银行,13300.0,12.8,12.65,170240.0
2019-06-19,000001.XSHE,平安银行,13300.0,13.07,12.65,173831.0
2019-06-20,000001.XSHE,平安银行,13300.0,13.8,12.65,183540.0
2019-06-21,000001.XSHE,平安银行,13300.0,13.64,12.65,181412.0
2019-06-24,000001.XSHE,平安银行,13300.0,13.69,12.65,182077.0
2019-06-25,000001.XSHE,平安银行,13300.0,13.43,12.65,178619.0
2019-06-26,000001.XSHE,平安银行,13300.0,13.37,12.505,177821.0
2019-06-27,000001.XSHE,平安银行,13300.0,13.71,12.505,182343.0
2019-06-28,000001.XSHE,平安银行,13300.0,13.78,12.505,183274.0
2019-07-01,000001.XSHE,平安银行,13300.0,13.93,12.505,185269.0
2019-07-02,000001.XSHE,平安银行,13300.0,14.18,12.505,188594.0
2019-07-03,000001.XSHE,平安银行,13300.0,14.01,12.505,186333.0
2019-07-04,000001.XSHE,平安银行,13300.0,13.99,12.505,186067.0
2019-07-05,000001.XSHE,平安银行,13300.0,13.92,12.505,185136.0
2019-07-08,000001.XSHE,平安银行,13300.0,13.59,12.505,180747.0
2019-07-09,000001.XSHE,平安银行,13300.0,13.59,12.505,180747.0
2019-07-12,000001.XSHE,平安银行,12900.0,14.12,14.12,182148.0
2019-07-15,000001.XSHE,平安银行,12900.0,14.0,14.12,180600.0
2019-07-16,000001.XSHE,平安银行,12900.0,13.75,14.12,177375.0
2019-07-17,000001.XSHE,平安银行,12900.0,13.69,14.12,176601.0
2019-07-18,000001.XSHE,平安银行,12900.0,13.67,14.12,176343.0
2019-07-19,000001.XSHE,平安银行,12900.0,13.99,14.12,180471.0
2019-07-22,000001.XSHE,平安银行,12900.0,13.85,14.12,178665.0
2019-07-23,000001.XSHE,平安银行,12900.0,13.76,14.12,177504.0
2019-07-24,000001.XSHE,平安银行,12900.0,13.88,14.12,179052.0
2019-07-25,000001.XSHE,平安银行,12900.0,14.2,14.12,183180.0
2019-07-26,000001.XSHE,平安银行,12900.0,14.23,14.12,183567.0
2019-07-29,000001.XSHE,平安银行,12900.0,14.29,14.12,184341.0
2019-07-30,000001.XSHE,平安银行,12900.0,14.37,14.12,185373.0
2019-07-31,000001.XSHE,平安银行,12900.0,14.13,14.12,182277.0
2019-08-01,000001.XSHE,平安银行,12900.0,14.1,14.12,181890.0
2019-08-02,000001.XSHE,平安银行,12900.0,13.74,14.12,177246.0
2019-08-05,000001.XSHE,平安银行,12900.0,13.35,14.12,172215.0
2019-08-06,000001.XSHE,平安银行,12900.0,13.37,14.12,172473.0
2019-08-07,000001.XSHE,平安银行,12900.0,13.54,14.12,174666.0
2019-08-08,000001.XSHE,平安银行,12900.0,14.38,14.12,185502.0
2019-08-09,000001.XSHE,平安银行,12900.0,14.52,14.12,187308.0
2019-08-12,000001.XSHE,平安银行,12900.0,15.12,14.12,195048.0
2019-08-13,000001.XSHE,平安银行,12900.0,14.89,14.12,192081.0
2019-08-14,000001.XSHE,平安银行,12900.0,14.97,14.12,193113.0
2019-08-15,000001.XSHE,平安银行,12900.0,14.94,14.12,192726.0
2019-08-16,000001.XSHE,平安银行,12900.0,14.9,14.12,192210.0
2019-08-19,000001.XSHE,平安银行,12900.0,14.92,14.12,192468.0
2019-08-20,000001.XSHE,平安银行,12900.0,14.99,14.12,193371.0
2019-08-21,000001.XSHE,平安银行,12900.0,14.45,14.12,186405.0
2019-08-22,000001.XSHE,平安银行,12900.0,14.31,14.12,184599.0
2019-08-23,000001.XSHE,平安银行,12900.0,14.65,14.12,188985.0
2019-08-26,000001.XSHE,平安银行,12900.0,14.25,14.12,183825.0
2019-08-27,000001.XSHE,平安银行,12900.0,14.31,14.12,184599.0
2019-08-28,000001.XSHE,平安银行,12900.0,14.27,14.12,184083.0
2019-08-29,000001.XSHE,平安银行,12900.0,14.13,14.12,182277.0
2019-08-30,000001.XSHE,平安银行,12900.0,14.16,14.12,182664.0
2019-09-02,000001.XSHE,平安银行,12900.0,14.45,14.12,186405.0
2019-09-03,000001.XSHE,平安银行,12900.0,14.3,14.12,184470.0
2019-09-04,000001.XSHE,平安银行,12900.0,14.44,14.12,186276.0
2019-09-05,000001.XSHE,平安银行,12900.0,14.58,14.12,188082.0
2019-09-06,000001.XSHE,平安银行,12900.0,14.81,14.12,191049.0
2019-09-09,000001.XSHE,平安银行,12900.0,14.69,14.12,189501.0
2019-09-10,000001.XSHE,平安银行,12900.0,14.55,14.12,187695.0
2019-09-11,000001.XSHE,平安银行,12900.0,14.56,14.12,187824.0
2019-09-12,000001.XSHE,平安银行,12900.0,14.68,14.12,189372.0
2019-09-16,000001.XSHE,平安银行,12900.0,14.45,14.12,186405.0
2019-09-17,000001.XSHE,平安银行,12900.0,14.24,14.12,183696.0
2019-09-18,000001.XSHE,平安银行,12900.0,14.41,14.12,185889.0
2019-09-19,000001.XSHE,平安银行,12900.0,14.84,14.12,191436.0
2019-09-20,000001.XSHE,平安银行,12900.0,15.34,14.12,197886.0
2019-09-23,000001.XSHE,平安银行,12900.0,15.38,14.12,198402.0
2019-09-24,000001.XSHE,平安银行,12900.0,15.18,14.12,195822.0
2019-09-25,000001.XSHE,平安银行,12900.0,15.75,14.12,203175.0
2019-09-26,000001.XSHE,平安银行,12900.0,15.71,14.12,202659.0
2019-09-27,000001.XSHE,平安银行,12900.0,15.9,14.12,205110.0
2019-09-30,000001.XSHE,平安银行,12900.0,15.59,14.12,201111.0
2019-10-08,000001.XSHE,平安银行,12900.0,16.2,14.12,208980.0
2019-10-09,000001.XSHE,平安银行,12900.0,16.25,14.12,209625.0
2019-10-10,000001.XSHE,平安银行,12900.0,16.24,14.12,209496.0
2019-10-11,000001.XSHE,平安银行,12900.0,16.81,14.12,216849.0
2019-10-14,000001.XSHE,平安银行,12900.0,17.22,14.12,222138.0
2019-10-15,000001.XSHE,平安银行,12900.0,17.18,14.12,221622.0
2019-10-16,000001.XSHE,平安银行,12900.0,16.79,14.12,216591.0
2019-10-17,000001.XSHE,平安银行,12900.0,16.7,14.12,215430.0
2019-10-18,000001.XSHE,平安银行,12900.0,16.51,14.12,212979.0
2019-10-21,000001.XSHE,平安银行,12900.0,16.89,14.12,217881.0
2019-12-13,000001.XSHE,平安银行,13100.0,16.12,16.12,211172.0
2019-12-16,000001.XSHE,平安银行,13100.0,16.13,16.12,211303.0
2019-12-17,000001.XSHE,平安银行,13100.0,16.5,16.12,216150.0
2019-12-18,000001.XSHE,平安银行,13100.0,16.46,16.12,215626.0
2019-12-19,000001.XSHE,平安银行,13100.0,16.55,16.12,216805.0
2019-12-20,000001.XSHE,平安银行,13100.0,16.59,16.12,217329.0
2019-12-23,000001.XSHE,平安银行,13100.0,16.24,16.12,212744.0
2019-12-24,000001.XSHE,平安银行,13100.0,16.4,16.12,214840.0
2019-12-25,000001.XSHE,平安银行,13100.0,16.3,16.12,213530.0
2019-12-26,000001.XSHE,平安银行,13100.0,16.47,16.12,215757.0
2019-12-27,000001.XSHE,平安银行,13100.0,16.63,16.12,217853.0
2019-12-30,000001.XSHE,平安银行,13100.0,16.57,16.12,217067.0
2019-12-31,000001.XSHE,平安银行,13100.0,16.45,16.12,215495.0
2020-01-02,000001.XSHE,平安银行,13100.0,16.87,16.12,220997.0
2020-01-03,000001.XSHE,平安银行,13100.0,17.18,16.12,225058.0
2020-01-06,000001.XSHE,平安银行,13100.0,17.07,16.12,223617.0
2020-01-07,000001.XSHE,平安银行,13100.0,17.15,16.12,224665.0
2020-01-08,000001.XSHE,平安银行,13100.0,16.66,16.12,218246.0
2020-01-09,000001.XSHE,平安银行,13100.0,16.79,16.12,219949.0
2020-01-10,000001.XSHE,平安银行,13100.0,16.69,16.12,218639.0
2020-01-13,000001.XSHE,平安银行,13100.0,16.99,16.12,222569.0
2020-01-14,000001.XSHE,平安银行,13100.0,16.76,16.12,219556.0
2020-01-15,000001.XSHE,平安银行,13100.0,16.52,16.12,216412.0
2020-01-16,000001.XSHE,平安银行,13100.0,16.33,16.12,213923.0
2020-01-17,000001.XSHE,平安银行,13100.0,16.39,16.12,214709.0
2020-01-20,000001.XSHE,平安银行,13100.0,16.45,16.12,215495.0
2020-01-21,000001.XSHE,平安银行,13100.0,16.0,16.12,209600.0
2020-01-22,000001.XSHE,平安银行,13100.0,16.09,16.12,210779.0
2020-01-23,000001.XSHE,平安银行,13100.0,15.54,16.12,203574.0
2020-02-03,000001.XSHE,平安银行,13100.0,13.99,16.12,183269.0
2020-02-04,000001.XSHE,平安银行,13100.0,14.6,16.12,191260.0
2020-02-05,000001.XSHE,平安银行,13100.0,14.63,16.12,191653.0
2020-02-06,000001.XSHE,平安银行,13100.0,14.77,16.12,193487.0
2020-02-07,000001.XSHE,平安银行,13100.0,14.62,16.12,191522.0
2020-02-10,000001.XSHE,平安银行,13100.0,14.5,16.12,189950.0
2020-02-11,000001.XSHE,平安银行,13100.0,14.79,16.12,193749.0
2020-02-12,000001.XSHE,平安银行,13100.0,14.77,16.12,193487.0
2020-02-13,000001.XSHE,平安银行,13100.0,14.65,16.12,191915.0
2020-02-14,000001.XSHE,平安银行,13100.0,15.03,16.12,196893.0
2020-02-17,000001.XSHE,平安银行,13100.0,15.37,16.12,201347.0
2020-02-18,000001.XSHE,平安银行,13100.0,15.2,16.12,199120.0
2020-02-19,000001.XSHE,平安银行,13100.0,15.24,16.12,199644.0
2020-02-20,000001.XSHE,平安银行,13100.0,15.59,16.12,204229.0
2020-02-21,000001.XSHE,平安银行,13100.0,15.58,16.12,204098.0
2020-02-24,000001.XSHE,平安银行,13100.0,15.23,16.12,199513.0
2020-02-25,000001.XSHE,平安银行,13100.0,15.04,16.12,197024.0
2020-02-26,000001.XSHE,平安银行,13100.0,14.99,16.12,196369.0
2020-02-27,000001.XSHE,平安银行,13100.0,15.11,16.12,197941.0
2020-02-28,000001.XSHE,平安银行,13100.0,14.5,16.12,189950.0
2020-03-02,000001.XSHE,平安银行,13100.0,14.79,16.12,193749.0
2020-03-03,000001.XSHE,平安银行,13100.0,14.72,16.12,192832.0
2020-03-05,000001.XSHE,平安银行,12500.0,15.39,15.39,192375.0
2020-03-06,000001.XSHE,平安银行,12500.0,15.03,15.39,187875.0
2020-03-09,000001.XSHE,平安银行,12500.0,14.45,15.39,180625.0
2020-03-10,000001.XSHE,平安银行,12500.0,14.76,15.39,184500.0
2020-03-11,000001.XSHE,平安银行,12500.0,14.69,15.39,183625.0
2020-03-12,000001.XSHE,平安银行,12500.0,14.68,15.39,183500.0
2020-03-13,000001.XSHE,平安银行,12500.0,14.52,15.39,181500.0
2020-03-16,000001.XSHE,平安银行,12500.0,13.75,15.39,171875.0
2020-03-17,000001.XSHE,平安银行,12500.0,13.41,15.39,167625.0
2020-03-18,000001.XSHE,平安银行,12500.0,12.71,15.39,158875.0
2020-03-19,000001.XSHE,平安银行,12500.0,12.23,15.39,152875.0
2020-03-20,000001.XSHE,平安银行,12500.0,12.52,15.39,156500.0
2020-03-23,000001.XSHE,平安银行,12500.0,12.15,15.39,151875.0
2020-03-24,000001.XSHE,平安银行,12500.0,12.61,15.39,157625.0
2020-03-25,000001.XSHE,平安银行,12500.0,12.87,15.39,160875.0
2020-03-26,000001.XSHE,平安银行,12500.0,13.06,15.39,163250.0
2020-03-27,000001.XSHE,平安银行,12500.0,13.15,15.39,164375.0
2020-03-30,000001.XSHE,平安银行,12500.0,12.94,15.39,161750.0
2020-03-31,000001.XSHE,平安银行,12500.0,12.8,15.39,160000.0
2020-04-01,000001.XSHE,平安银行,12500.0,12.89,15.39,161125.0
2020-04-02,000001.XSHE,平安银行,12500.0,12.97,15.39,162125.0
2020-04-03,000001.XSHE,平安银行,12500.0,12.61,15.39,157625.0
2020-04-07,000001.XSHE,平安银行,12500.0,12.88,15.39,161000.0
2020-04-08,000001.XSHE,平安银行,12500.0,12.78,15.39,159750.0
2020-04-09,000001.XSHE,平安银行,12500.0,12.74,15.39,159250.0
2020-04-10,000001.XSHE,平安银行,12500.0,12.79,15.39,159875.0
2020-04-13,000001.XSHE,平安银行,12500.0,12.59,15.39,157375.0
2020-04-14,000001.XSHE,平安银行,12500.0,12.86,15.39,160750.0
2020-04-15,000001.XSHE,平安银行,12500.0,12.87,15.39,160875.0
2020-04-16,000001.XSHE,平安银行,12500.0,12.68,15.39,158500.0
2020-04-17,000001.XSHE,平安银行,12500.0,12.89,15.39,161125.0
2020-04-20,000001.XSHE,平安银行,12500.0,12.99,15.39,162375.0
2020-04-21,000001.XSHE,平安银行,12500.0,13.45,15.39,168125.0
2020-04-22,000001.XSHE,平安银行,12500.0,13.23,15.39,165375.0
2020-04-23,000001.XSHE,平安银行,12500.0,13.23,15.39,165375.0
2020-04-24,000001.XSHE,平安银行,12500.0,13.24,15.39,165500.0
2020-04-27,000001.XSHE,平安银行,12500.0,13.5,15.39,168750.0
2020-04-28,000001.XSHE,平安银行,12500.0,13.52,15.39,169000.0
2020-04-29,000001.XSHE,平安银行,12500.0,14.02,15.39,175250.0
2020-04-30,000001.XSHE,平安银行,12500.0,13.93,15.39,174125.0
2020-05-06,000001.XSHE,平安银行,12500.0,13.77,15.39,172125.0
2020-05-07,000001.XSHE,平安银行,12500.0,13.69,15.39,171125.0
2020-05-08,000001.XSHE,平安银行,12500.0,13.95,15.39,174375.0
2020-05-11,000001.XSHE,平安银行,12500.0,14.0,15.39,175000.0
2020-05-12,000001.XSHE,平安银行,12500.0,13.79,15.39,172375.0
2020-05-13,000001.XSHE,平安银行,12500.0,13.63,15.39,170375.0
2020-05-14,000001.XSHE,平安银行,12500.0,13.3,15.39,166250.0
2020-06-02,000001.XSHE,平安银行,12200.0,13.55,13.55,165310.0
2020-06-03,000001.XSHE,平安银行,12200.0,13.54,13.55,165188.0
2020-06-04,000001.XSHE,平安银行,12200.0,13.57,13.55,165554.0
2020-06-05,000001.XSHE,平安银行,12200.0,13.59,13.55,165798.0
2020-06-08,000001.XSHE,平安银行,12200.0,13.62,13.55,166164.0
2020-06-09,000001.XSHE,平安银行,12200.0,13.67,13.55,166774.0
2020-06-10,000001.XSHE,平安银行,12200.0,13.49,13.55,164578.0
2020-06-11,000001.XSHE,平安银行,12200.0,13.08,13.55,159576.0
2020-06-12,000001.XSHE,平安银行,12200.0,12.99,13.55,158478.0
2020-06-15,000001.XSHE,平安银行,12200.0,12.82,13.55,156404.0
2020-06-16,000001.XSHE,平安银行,12200.0,12.89,13.55,157258.0
2020-06-17,000001.XSHE,平安银行,12200.0,12.85,13.55,156770.0
2020-06-18,000001.XSHE,平安银行,12200.0,12.76,13.55,155672.0
2020-06-19,000001.XSHE,平安银行,12200.0,12.8,13.55,156160.0
2020-06-22,000001.XSHE,平安银行,12200.0,12.64,13.55,154208.0
2020-06-23,000001.XSHE,平安银行,12200.0,12.6,13.55,153720.0
2020-06-24,000001.XSHE,平安银行,12200.0,12.8,13.55,156160.0
2020-06-29,000001.XSHE,平安银行,12200.0,12.8,13.55,156160.0
2020-06-30,000001.XSHE,平安银行,12200.0,12.8,13.55,156160.0
2020-07-01,000001.XSHE,平安银行,12200.0,13.12,13.55,160064.0
2020-07-02,000001.XSHE,平安银行,12200.0,13.43,13.55,163846.0
2020-07-03,000001.XSHE,平安银行,12200.0,14.25,13.55,173850.0
2020-07-06,000001.XSHE,平安银行,12200.0,15.68,13.55,191296.0
2020-07-07,000001.XSHE,平安银行,12200.0,15.48,13.55,188856.0
2020-07-08,000001.XSHE,平安银行,12200.0,15.76,13.55,192272.0
2020-07-09,000001.XSHE,平安银行,12200.0,15.53,13.55,189466.0
2020-07-10,000001.XSHE,平安银行,12200.0,14.86,13.55,181292.0
2020-07-13,000001.XSHE,平安银行,12200.0,14.89,13.55,181658.0
2020-07-14,000001.XSHE,平安银行,12200.0,14.68,13.55,179096.0
2020-07-15,000001.XSHE,平安银行,12200.0,14.27,13.55,174094.0
2020-07-16,000001.XSHE,平安银行,12200.0,14.15,13.55,172630.0
2020-07-17,000001.XSHE,平安银行,12200.0,14.14,13.55,172508.0
2020-07-20,000001.XSHE,平安银行,12200.0,14.73,13.55,179706.0
2020-07-21,000001.XSHE,平安银行,12200.0,14.49,13.55,176778.0
2020-07-22,000001.XSHE,平安银行,12200.0,14.41,13.55,175802.0
2020-07-23,000001.XSHE,平安银行,12200.0,14.01,13.55,170922.0
2020-07-24,000001.XSHE,平安银行,12200.0,13.5,13.55,164700.0
2020-07-27,000001.XSHE,平安银行,12200.0,13.24,13.55,161528.0
2020-07-28,000001.XSHE,平安银行,12200.0,13.34,13.55,162748.0
2020-07-29,000001.XSHE,平安银行,12200.0,13.54,13.55,165188.0
2020-07-30,000001.XSHE,平安银行,12200.0,13.37,13.55,163114.0
2020-07-31,000001.XSHE,平安银行,12200.0,13.34,13.55,162748.0
2020-08-03,000001.XSHE,平安银行,12200.0,13.59,13.55,165798.0
2020-08-04,000001.XSHE,平安银行,12200.0,14.04,13.55,171288.0
2020-08-05,000001.XSHE,平安银行,12200.0,13.76,13.55,167872.0
2020-08-06,000001.XSHE,平安银行,12200.0,13.9,13.55,169580.0
2020-08-07,000001.XSHE,平安银行,12200.0,13.7,13.55,167140.0
2020-08-10,000001.XSHE,平安银行,12200.0,13.95,13.55,170190.0
2020-08-11,000001.XSHE,平安银行,12200.0,14.13,13.55,172386.0
2020-08-12,000001.XSHE,平安银行,12200.0,14.38,13.55,175436.0
2020-08-13,000001.XSHE,平安银行,12200.0,14.18,13.55,172996.0
2020-08-14,000001.XSHE,平安银行,12200.0,14.47,13.55,176534.0
2020-08-17,000001.XSHE,平安银行,12200.0,15.19,13.55,185318.0
2020-08-18,000001.XSHE,平安银行,12200.0,15.15,13.55,184830.0
2020-08-19,000001.XSHE,平安银行,12200.0,15.1,13.55,184220.0
2020-08-20,000001.XSHE,平安银行,12200.0,14.59,13.55,177998.0
2020-08-21,000001.XSHE,平安银行,12200.0,14.45,13.55,176290.0
2020-08-24,000001.XSHE,平安银行,12200.0,14.46,13.55,176412.0
2020-08-25,000001.XSHE,平安银行,12200.0,14.6,13.55,178120.0
2020-08-26,000001.XSHE,平安银行,12200.0,14.37,13.55,175314.0
2020-08-28,000001.XSHE,平安银行,11600.0,15.13,15.13,175508.0
2020-08-31,000001.XSHE,平安银行,11600.0,15.08,15.13,174928.0
2020-09-01,000001.XSHE,平安银行,11600.0,15.14,15.13,175624.0
2020-09-02,000001.XSHE,平安银行,11600.0,15.32,15.13,177712.0
2020-09-03,000001.XSHE,平安银行,11600.0,14.9,15.13,172840.0
2020-09-04,000001.XSHE,平安银行,11600.0,14.96,15.13,173536.0
2020-09-07,000001.XSHE,平安银行,11600.0,14.94,15.13,173304.0
2020-09-08,000001.XSHE,平安银行,11600.0,15.43,15.13,178988.0
2020-09-09,000001.XSHE,平安银行,11600.0,15.21,15.13,176436.0
2020-09-10,000001.XSHE,平安银行,11600.0,15.34,15.13,177944.0
2020-09-11,000001.XSHE,平安银行,11600.0,15.01,15.13,174116.0
2020-09-14,000001.XSHE,平安银行,11600.0,15.3,15.13,177480.0
2020-09-15,000001.XSHE,平安银行,11600.0,15.35,15.13,178060.0
2020-09-16,000001.XSHE,平安银行,11600.0,15.44,15.13,179104.0
2020-09-17,000001.XSHE,平安银行,11600.0,15.57,15.13,180612.0
2020-09-18,000001.XSHE,平安银行,11600.0,16.07,15.13,186412.0
2020-09-21,000001.XSHE,平安银行,11600.0,15.86,15.13,183976.0
2020-09-22,000001.XSHE,平安银行,11600.0,15.57,15.13,180612.0
2020-09-23,000001.XSHE,平安银行,11600.0,15.63,15.13,181308.0
2020-09-24,000001.XSHE,平安银行,11600.0,15.12,15.13,175392.0
2020-09-25,000001.XSHE,平安银行,11600.0,15.19,15.13,176204.0
2020-09-28,000001.XSHE,平安银行,11600.0,15.31,15.13,177596.0
2020-09-29,000001.XSHE,平安银行,11600.0,14.8,15.13,171680.0
2020-09-30,000001.XSHE,平安银行,11600.0,15.17,15.13,175972.0
2020-10-09,000001.XSHE,平安银行,11600.0,15.18,15.13,176088.0
2020-10-12,000001.XSHE,平安银行,11600.0,15.9,15.13,184440.0
2020-10-13,000001.XSHE,平安银行,11600.0,16.06,15.13,186296.0
2020-10-14,000001.XSHE,平安银行,11600.0,16.03,15.13,185948.0
2020-10-15,000001.XSHE,平安银行,11600.0,16.56,15.13,192096.0
2020-10-16,000001.XSHE,平安银行,11600.0,17.1,15.13,198360.0
2020-10-19,000001.XSHE,平安银行,11600.0,17.48,15.13,202768.0
2020-10-20,000001.XSHE,平安银行,11600.0,17.54,15.13,203464.0
2020-10-21,000001.XSHE,平安银行,11600.0,17.91,15.13,207756.0
2020-10-22,000001.XSHE,平安银行,11600.0,17.56,15.13,203696.0
2020-10-23,000001.XSHE,平安银行,11600.0,18.13,15.13,210308.0
2020-10-26,000001.XSHE,平安银行,11600.0,17.7,15.13,205320.0
2020-10-27,000001.XSHE,平安银行,11600.0,17.76,15.13,206016.0
2020-10-28,000001.XSHE,平安银行,11600.0,17.63,15.13,204508.0
2020-10-29,000001.XSHE,平安银行,11600.0,17.77,15.13,206132.0
2020-10-30,000001.XSHE,平安银行,11600.0,17.75,15.13,205900.0
2020-11-02,000001.XSHE,平安银行,11600.0,17.63,15.13,204508.0
2020-11-03,000001.XSHE,平安银行,11600.0,17.96,15.13,208336.0
2020-11-04,000001.XSHE,平安银行,11600.0,18.32,15.13,212512.0
2020-11-18,000001.XSHE,平安银行,11100.0,18.46,18.46,204906.0
2020-11-19,000001.XSHE,平安银行,11100.0,18.85,18.46,209235.0
2020-11-20,000001.XSHE,平安银行,11100.0,18.86,18.46,209346.0
2020-11-23,000001.XSHE,平安银行,11100.0,19.62,18.46,217782.0
2020-11-24,000001.XSHE,平安银行,11100.0,19.36,18.46,214896.0
2020-11-25,000001.XSHE,平安银行,11100.0,19.06,18.46,211566.0
2020-11-26,000001.XSHE,平安银行,11100.0,19.5,18.46,216450.0
2020-11-27,000001.XSHE,平安银行,11100.0,19.7,18.46,218670.0
2020-11-30,000001.XSHE,平安银行,11100.0,19.74,18.46,219114.0
2020-12-01,000001.XSHE,平安银行,11100.0,20.05,18.46,222555.0
2020-12-02,000001.XSHE,平安银行,11100.0,19.63,18.46,217893.0
2020-12-03,000001.XSHE,平安银行,11100.0,19.54,18.46,216894.0
2020-12-04,000001.XSHE,平安银行,11100.0,19.3,18.46,214230.0
2020-12-07,000001.XSHE,平安银行,11100.0,18.91,18.46,209901.0
2020-12-08,000001.XSHE,平安银行,11100.0,18.71,18.46,207681.0
2020-12-09,000001.XSHE,平安银行,11100.0,18.71,18.46,207681.0
2020-12-10,000001.XSHE,平安银行,11100.0,18.65,18.46,207015.0
2020-12-11,000001.XSHE,平安银行,11100.0,18.52,18.46,205572.0
2020-12-14,000001.XSHE,平安银行,11100.0,18.88,18.46,209568.0
2020-12-15,000001.XSHE,平安银行,11100.0,18.74,18.46,208014.0
2020-12-16,000001.XSHE,平安银行,11100.0,19.01,18.46,211011.0
2020-12-17,000001.XSHE,平安银行,11100.0,18.95,18.46,210345.0
2020-12-18,000001.XSHE,平安银行,11100.0,18.36,18.46,203796.0
2020-12-21,000001.XSHE,平安银行,11100.0,18.28,18.46,202908.0
2020-12-22,000001.XSHE,平安银行,11100.0,17.9,18.46,198690.0
2020-12-23,000001.XSHE,平安银行,11100.0,18.0,18.46,199800.0
2020-12-24,000001.XSHE,平安银行,11100.0,18.26,18.46,202686.0
2020-12-25,000001.XSHE,平安银行,11100.0,18.04,18.46,200244.0
2020-12-28,000001.XSHE,平安银行,11100.0,18.85,18.46,209235.0
2020-12-29,000001.XSHE,平安银行,11100.0,19.17,18.46,212787.0
2020-12-30,000001.XSHE,平安银行,11100.0,19.2,18.46,213120.0
2020-12-31,000001.XSHE,平安银行,11100.0,19.34,18.46,214674.0
2021-01-04,000001.XSHE,平安银行,11100.0,18.6,18.46,206460.0
2021-01-05,000001.XSHE,平安银行,11100.0,18.17,18.46,201687.0
2021-01-06,000001.XSHE,平安银行,11100.0,19.56,18.46,217116.0
2021-01-07,000001.XSHE,平安银行,11100.0,19.9,18.46,220890.0
2021-01-08,000001.XSHE,平安银行,11100.0,19.85,18.46,220335.0
2021-01-11,000001.XSHE,平安银行,11100.0,20.38,18.46,226218.0
2021-01-12,000001.XSHE,平安银行,11100.0,21.0,18.46,233100.0
2021-01-13,000001.XSHE,平安银行,11100.0,20.7,18.46,229770.0
2021-01-14,000001.XSHE,平安银行,11100.0,20.17,18.46,223887.0
2021-01-15,000001.XSHE,平安银行,11100.0,21.0,18.46,233100.0
2021-01-18,000001.XSHE,平安银行,11100.0,22.7,18.46,251970.0
2021-01-19,000001.XSHE,平安银行,11100.0,22.34,18.46,247974.0
2021-01-20,000001.XSHE,平安银行,11100.0,22.47,18.46,249417.0
2021-01-21,000001.XSHE,平安银行,11100.0,22.23,18.46,246753.0
2021-01-22,000001.XSHE,平安银行,11100.0,22.03,18.46,244533.0
2021-01-25,000001.XSHE,平安银行,11100.0,22.49,18.46,249639.0
2021-01-26,000001.XSHE,平安银行,11100.0,22.37,18.46,248307.0
2021-01-27,000001.XSHE,平安银行,11100.0,23.08,18.46,256188.0
2021-01-28,000001.XSHE,平安银行,11100.0,22.81,18.46,253191.0
2021-01-29,000001.XSHE,平安银行,11100.0,23.09,18.46,256299.0
2021-02-01,000001.XSHE,平安银行,11100.0,24.55,18.46,272505.0
2021-02-02,000001.XSHE,平安银行,11100.0,23.28,18.46,258408.0
2021-02-03,000001.XSHE,平安银行,11100.0,24.95,18.46,276945.0
2021-02-04,000001.XSHE,平安银行,11100.0,24.6,18.46,273060.0
2021-02-05,000001.XSHE,平安银行,11100.0,24.93,18.46,276723.0
2021-02-08,000001.XSHE,平安银行,11100.0,24.8,18.46,275280.0
2021-02-09,000001.XSHE,平安银行,11100.0,24.58,18.46,272838.0
2021-03-29,000001.XSHE,平安银行,12200.0,21.49,21.49,262178.0
2021-03-30,000001.XSHE,平安银行,12200.0,21.93,21.49,267546.0
2021-03-31,000001.XSHE,平安银行,12200.0,22.01,21.49,268522.0
2021-04-01,000001.XSHE,平安银行,12200.0,21.78,21.49,265716.0
2021-04-02,000001.XSHE,平安银行,12200.0,21.5,21.49,262300.0
2021-04-06,000001.XSHE,平安银行,12200.0,21.68,21.49,264496.0
2021-04-07,000001.XSHE,平安银行,12200.0,21.64,21.49,264008.0
2021-04-08,000001.XSHE,平安银行,12200.0,21.56,21.49,263032.0
2021-04-09,000001.XSHE,平安银行,12200.0,21.3,21.49,259860.0
2021-04-12,000001.XSHE,平安银行,12200.0,20.7,21.49,252540.0
2021-04-13,000001.XSHE,平安银行,12200.0,20.78,21.49,253516.0
2021-04-14,000001.XSHE,平安银行,12200.0,20.67,21.49,252174.0
2021-04-15,000001.XSHE,平安银行,12200.0,20.36,21.49,248392.0
2021-04-16,000001.XSHE,平安银行,12200.0,20.26,21.49,247172.0
2021-04-19,000001.XSHE,平安银行,12200.0,21.15,21.49,258030.0
2021-04-20,000001.XSHE,平安银行,12200.0,21.69,21.49,264618.0
2021-04-21,000001.XSHE,平安银行,12200.0,23.01,21.49,280722.0
2021-04-22,000001.XSHE,平安银行,12200.0,22.98,21.49,280356.0
2021-04-23,000001.XSHE,平安银行,12200.0,23.29,21.49,284138.0
2021-04-26,000001.XSHE,平安银行,12200.0,22.94,21.49,279868.0
2021-04-27,000001.XSHE,平安银行,12200.0,22.94,21.49,279868.0
2021-04-28,000001.XSHE,平安银行,12200.0,23.35,21.49,284870.0
2021-04-29,000001.XSHE,平安银行,12200.0,23.59,21.49,287798.0
2021-04-30,000001.XSHE,平安银行,12200.0,23.29,21.49,284138.0
2021-05-06,000001.XSHE,平安银行,12200.0,23.5,21.49,286700.0
2021-05-07,000001.XSHE,平安银行,12200.0,24.05,21.49,293410.0
2021-05-10,000001.XSHE,平安银行,12200.0,23.86,21.49,291092.0
2021-05-11,000001.XSHE,平安银行,12200.0,23.53,21.49,287066.0
2021-05-12,000001.XSHE,平安银行,12200.0,23.55,21.49,287310.0
2021-05-13,000001.XSHE,平安银行,12200.0,23.07,21.49,281454.0
2021-05-14,000001.XSHE,平安银行,12200.0,23.32,21.31,284504.0
2021-05-17,000001.XSHE,平安银行,12200.0,23.6,21.31,287920.0
2021-05-18,000001.XSHE,平安银行,12200.0,23.9,21.31,291580.0
2021-05-19,000001.XSHE,平安银行,12200.0,23.6,21.31,287920.0
2021-05-20,000001.XSHE,平安银行,12200.0,23.82,21.31,290604.0
2021-05-25,000001.XSHE,平安银行,11700.0,24.6,24.6,287820.0
2021-05-26,000001.XSHE,平安银行,11700.0,25.01,24.6,292617.0
2021-05-27,000001.XSHE,平安银行,11700.0,24.79,24.6,290043.0
2021-05-28,000001.XSHE,平安银行,11700.0,24.5,24.6,286650.0
2021-05-31,000001.XSHE,平安银行,11700.0,24.2,24.6,283140.0
2021-06-01,000001.XSHE,平安银行,11700.0,23.92,24.6,279864.0
